Date,Reg Gas,Diesel,Bus,CommuterRail,DemandResponse,FerryBoat,HeavyRail,LightRail,Monorail_AutomatedGuideway,Trolley,VanPool,Total
1/1/2002,1.89,1.97,420554810,32992144,5883076,4318959,247189536,24709005,495412,9763712,915963,746822617
2/1/2002,1.9,1.97,405198267,30168968,5582057,4323800,233029720,24227582,510351,9198390,896084,713135219
3/1/2002,2.13,2.09,430453009,33238718,5967128,4596096,258612523,26195319,539362,10313584,881603,770797342
4/1/2002,2.37,2.22,428648142,33453430,6038447,4761172,262204343,26541384,604125,9805281,901430,772957754
5/1/2002,2.35,2.21,430890659,34575957,6120366,5001069,267432142,27428367,623465,10284608,897965,783254598
6/1/2002,2.34,2.17,382807909,32444551,5642861,5091126,251718581,26320328,607855,9639683,827469,715100363
7/1/2002,2.36,2.19,397158404,35327289,5739076,5698655,254370619,27292671,742874,9767674,891790,736989052
8/1/2002,2.35,2.24,401446641,35430710,5830205,5825780,248719733,26757180,793051,10060585,889364,735753249
9/1/2002,2.35,2.37,428006125,33515024,5732881,4876798,248872795,26667904,565271,9538216,814804,758589818
10/1/2002,2.42,2.45,438057423,36265803,6324583,4746914,271907694,27824195,598882,10147994,939938,796813426
11/1/2002,2.37,2.38,405295570,33782235,5544602,4466762,245899863,26571428,758646,9741175,875389,732935670
12/1/2002,2.32,2.39,388686211,33777504,5310259,4453255,242664924,25569795,753129,9588617,843783,711647477
1/1/2003,2.42,2.47,407684875,34658954,6105008,4451571,240434404,26440295,684856,9790284,1010613,731260860
2/1/2003,2.67,2.74,394193756,31308175,5705229,4228856,220335647,24044122,644709,9126980,971176,690558650
3/1/2003,2.8,2.82,439862210,34928854,6386417,4607508,254836742,27469873,641242,10416957,1061626,780211429
4/1/2003,2.63,2.54,420324464,35184987,6395599,4727634,251243520,27351846,715337,9995569,1084261,757023217
5/1/2003,2.49,2.41,420243522,34589871,6382394,5001098,251416755,27715090,756830,10335516,1015905,757456981
6/1/2003,2.48,2.36,383545334,34356082,6186687,5162993,246577369,26520105,784405,9855996,1047277,714036248
7/1/2003,2.5,2.37,398017453,35465340,6179770,5864821,250148254,27483059,960636,9392315,1087560,734599208
8/1/2003,2.67,2.44,400020481,34394659,6077119,5870829,226949240,27879134,961152,9516465,1059321,712728400
9/1/2003,2.75,2.4,405972881,34961414,6227047,5043173,254236217,27997822,737018,9079352,1057662,745312586
10/1/2003,2.57,2.43,435151620,36140636,6656116,4908177,274109417,27091871,717014,9594101,1143052,795512004
11/1/2003,2.48,2.43,369285553,32932087,5720193,4334131,243541214,24626806,774930,9002391,972952,691190257
12/1/2003,2.42,2.44,391255565,34222963,5810611,4285535,254832706,26787840,781623,9156022,1022530,728155395
1/1/2004,2.56,2.53,400069014,33671211,6115151,3832480,241743431,28238266,887499,9268377,1071199,724896628
2/1/2004,2.68,2.57,401627005,31894372,6179045,3881752,243545104,26206814,799862,8531041,1067532,723732527
3/1/2004,2.82,2.64,453624995,35981811,7086621,4699853,280057290,30499934,906967,9510958,1296885,823665314
4/1/2004,2.91,2.74,424243642,34698400,6668201,4777670,265560953,30214788,879215,9308251,1176923,777528043
5/1/2004,3.2,2.82,420998201,34095415,6461193,4989750,267072929,30472626,927321,9381094,1053973,775452502
6/1/2004,3.17,2.75,402618187,35498700,6615547,5268119,273996030,30827282,794486,9164652,1192321,765975324
7/1/2004,3.07,2.79,394828735,34377427,6348658,5696177,261035944,31581318,794037,9033215,1131314,744826825
8/1/2004,3.01,2.94,408179558,35846884,6559820,5708786,257201228,32678571,841101,9847656,1207221,758070825
9/1/2004,2.99,3.07,430344159,34518368,6516672,4772995,258223546,32032324,945013,8928927,1160465,777442469
10/1/2004,3.18,3.4,447374312,35070193,6733221,4778419,272144816,33708680,901831,9605026,1142778,811459276
11/1/2004,3.14,3.4,421024981,35477085,6403445,4370884,261660926,31338200,938050,7916271,1073430,770203272
12/1/2004,2.92,3.18,421067065,35418820,6370957,4274968,262572703,30978642,1019395,8554974,1072040,771329564
1/1/2005,2.9,3.1,407302950,34107390,6574065,3812066,248269436,29568720,1149843,8751601,1225744,740761815
2/1/2005,3.01,3.2,395848780,32719917,6512145,3801374,243714705,28940331,955223,7295422,1131776,720919673
3/1/2005,3.27,3.48,464367962,36637230,7400493,4608678,280188886,33054484,1036709,9525711,1301401,838121554
4/1/2005,3.52,3.59,434970583,35312455,7150155,4572512,267595470,32712459,962076,8839163,1184706,793299579
5/1/2005,3.39,3.45,447482977,36046717,7037986,4562923,274459615,32297912,1017756,8311670,1162924,812380480
6/1/2005,3.38,3.59,416704381,36682576,7035425,4943826,277154289,33196049,1046245,8919225,1229821,786911837
7/1/2005,3.57,3.7,415166616,35473953,6707414,5610774,257743121,34149139,1173673,8892107,1203648,766120445
8/1/2005,3.85,3.87,432268413,37597917,7291207,5640166,268060424,34781688,1149620,9861643,1364769,798015847
9/1/2005,4.44,4.31,454501442,36331476,7060232,4824850,267968245,34589943,972980,8963908,1279191,816492267
10/1/2005,4.14,4.72,466012822,36707129,6892899,4435033,280691702,35223427,770409,9606318,1396983,841736722
11/1/2005,3.46,3.94,430319937,36773468,6657700,3975194,276211037,31995384,796793,8042907,1371446,796143866
12/1/2005,3.35,3.74,403255775,36059214,6458897,3971719,248826029,31702037,909307,8636883,1295801,741115662
1/1/2006,3.53,3.76,430268992,35249233,7114674,3795310,263394882,31895117,1729769,8030918,1595529,783074424
2/1/2006,3.47,3.77,404410320,32982486,6850955,3553204,244853237,31413559,1601203,7812297,1444790,734922051
3/1/2006,3.69,3.89,474500544,37141631,7861131,4170032,287772838,35370827,1633750,9057775,1704005,859212533
4/1/2006,4.15,4.13,417015364,34894194,7096065,4279531,264511837,33797300,1580202,8687820,1442752,773305065
5/1/2006,4.39,4.37,447796788,37588539,7666350,4785847,290162377,36027007,1519484,9723873,1727915,836998180
6/1/2006,4.34,4.36,439289000,37488588,7439548,4892939,290298180,34089655,1493657,9506706,1725115,826223388
7/1/2006,4.46,4.39,408404189,36412413,6888166,5454497,267404293,34240112,1477486,8529273,1561248,770371677
8/1/2006,4.4,4.54,436160972,38640817,7614801,5498031,281853613,36525835,1493369,9379088,1785174,818951700
9/1/2006,3.83,4.17,450952732,36132737,7130789,4634288,285160907,35486602,1495830,8479214,1663662,831136761
10/1/2006,3.38,3.79,475846195,37995141,7551083,4387472,288779988,36397845,1503495,9169267,1815554,863446040
11/1/2006,3.35,3.83,430043452,37571285,7100629,3955418,287748222,34742550,1484965,7674463,1624815,811945799
12/1/2006,3.46,3.9,417981736,35782830,6686141,4104147,269022834,34480892,1442066,7981824,1554782,779037252
1/1/2007,3.34,3.71,425680954,37025897,7501142,3692898,276709094,33310328,1687711,7638185,1809753,795055962
2/1/2007,3.39,3.7,403144515,33912517,7000341,3642225,257664796,31374936,1394197,7280982,1657486,747071995
3/1/2007,3.79,3.95,462406413,37921693,8113185,4085131,301112714,37048458,1775910,8478804,1853237,862795545
4/1/2007,4.2,4.18,429994855,37199563,7588005,4243687,285509845,35584842,1679173,8264640,1745821,811810431
5/1/2007,4.62,4.11,456305870,39438599,8103667,4704447,310166405,38531488,1668522,9049177,1949931,869918106
6/1/2007,4.48,4.11,426518183,38609016,7616277,4852215,288036924,37044708,1816893,8815753,1892546,815202515
7/1/2007,4.34,4.2,411288233,38973930,7457983,5652995,286386864,36897074,1996202,8346122,1987553,798986956
8/1/2007,4.07,4.2,442942667,40200892,8093329,5770103,292679214,38631946,1867802,9144980,2141989,841472922
9/1/2007,4.08,4.3,447132148,36866956,7423066,4792076,283147479,37173835,1738276,8154284,1886672,828314792
10/1/2007,4.07,4.46,481221434,40817301,8405623,4569074,322144015,38590305,1815945,9059869,2201494,908825060
11/1/2007,4.44,4.89,446593875,39551795,7701685,4095603,291450276,36683907,1647536,7469094,1991268,837185039
12/1/2007,4.34,4.8,400557084,37352637,7088383,4095773,275137465,35117356,1601393,7705551,1778090,770433732
1/1/2008,4.36,4.73,435168137,39293034,7585845,4202526,274206973,35256969,1780656,7676214,2123252,807293606
2/1/2008,4.32,4.82,428949485,36295207,7381278,4112547,279738641,34531761,1586620,7404734,2058258,802058531
3/1/2008,4.62,5.52,451494404,38873510,7682195,4711407,295962042,38772730,1887990,8361108,2109693,849855079
4/1/2008,4.91,5.8,464376477,39271721,7931993,5007512,308541736,39735162,1784375,8366809,2180768,877196553
5/1/2008,5.31,6.24,465724777,40419379,7859136,5273896,309783558,40703261,1820926,9515625,2231207,883331765
6/1/2008,5.66,6.53,445134929,40644096,7532819,5392720,298781917,40220101,1169265,9220730,2269760,850366337
7/1/2008,5.63,6.52,455507754,42177523,7834901,6282671,309427159,42869293,1197469,9750320,2412553,877459643
8/1/2008,5.25,5.97,450301739,40796245,7670950,5970303,299926273,40333214,1036756,9370266,2347678,857753424
9/1/2008,5.14,5.58,479590575,39921235,7839246,5420185,292994716,40531689,1014280,9406569,2338914,879057409
10/1/2008,4.27,5,505712602,41904239,8508788,5386930,319809531,42368466,1049783,9827505,2597699,937165543
11/1/2008,3.06,4.1,432636899,38199946,7260746,4413244,287708066,37339920,913142,8805651,2152508,819430122
12/1/2008,2.42,3.52,420776731,38862524,7376670,4340889,300782470,36157715,910491,8174438,2205789,819587717
1/1/2009,2.56,3.28,421936790,36909582,7668422,4263347,274442665,36491281,1012192,8531721,2585665,793841665
2/1/2009,2.75,3.13,419570163,35414070,7687293,4226770,263070135,35490348,897541,8024197,2473350,776853867
3/1/2009,2.8,2.99,459270970,39232612,8495535,4774106,299967726,39766557,988208,9058074,2704551,864258339
4/1/2009,2.93,3.17,446129455,38336232,8321931,5268989,299961605,39173158,1045153,8573313,2649345,849459181
5/1/2009,3.23,3.17,435593882,38025765,8007543,5133231,294371581,38132585,1061963,8697229,2429813,831453592
6/1/2009,3.72,3.58,422249893,39376118,8185734,5504151,299756327,37723782,1113517,8932599,2635736,825477857
7/1/2009,3.57,3.59,422300800,39936010,8051000,6425546,292553627,40035257,1186187,9145791,2600028,822234246
8/1/2009,3.69,3.71,419096682,38501344,7887939,6213004,287758351,40005125,1159687,9549584,2510368,812682084
9/1/2009,3.59,3.69,449311428,38366214,8103668,5337948,293243789,40978504,1020242,8966979,2550447,847879219
10/1/2009,3.58,3.75,467881828,39416030,8448726,5116268,310300813,41958663,988481,9206696,2616495,885934000
11/1/2009,3.71,3.9,421164466,37674215,7630457,4592130,267907693,37232001,878116,8021654,2324132,787424864
12/1/2009,3.64,3.83,404655380,37920424,7783061,4686144,286669335,36955184,955912,8225449,2384715,790235604
1/1/2010,3.79,3.97,402610190,35992904,7697730,4210899,276554260,35144593,1062882,7847330,2591038,773711826
2/1/2010,3.7,3.89,391836972,34301498,7321027,4024329,248576709,34108760,857575,7500205,2546894,731073969
3/1/2010,3.87,4.07,460347940,40230801,8807655,4962734,310584252,40404304,1066265,8959304,2952541,878315796
4/1/2010,3.98,4.27,441210593,38757813,8374862,5228782,309626481,38961430,1027877,8460978,2783737,854432553
5/1/2010,3.96,4.29,426693371,37766335,8023162,5351938,309636588,38075794,1064439,8360508,2568934,837541069
6/1/2010,3.82,4.12,419606694,39317522,8210850,5714638,303134154,38529392,1082517,8584470,2724731,826904968
7/1/2010,3.81,4.06,403949274,38009183,7944971,5995349,296715550,38804223,1145635,7749192,2776339,803089716
8/1/2010,3.8,4.12,419049201,38910274,8253850,6316779,304226922,39936396,1251042,8078075,2880767,828903306
9/1/2010,3.76,4.1,442422064,37857544,8186135,5374968,302912227,40240318,1050901,8106459,2835041,848985657
10/1/2010,3.88,4.23,453610958,38549521,8353834,5166702,313841714,41126430,1094065,8255509,2777451,872776184
11/1/2010,3.95,4.34,427130992,38275470,7959227,4610221,294304790,38653927,1017047,7539981,2655725,822147380
12/1/2010,4.12,4.47,395644194,38252951,7826852,4617658,301502293,38260580,1058785,7695934,2665952,797525199
1/1/2011,4.25,4.65,401112607,35803416,7890384,4101772,279771726,37766187,1192985,7859950,2733292,778232319
2/1/2011,4.39,4.91,396368791,34330835,7623214,4016087,274840463,36645105,1019067,7662323,2613250,765119135
3/1/2011,4.85,5.32,461514507,39609954,9113754,5001555,321668299,42383637,1306499,8507402,3103491,892209098
4/1/2011,5.15,5.51,435193838,38258050,8452150,5274588,299975989,41864836,1216319,8248507,2893611,841377888
5/1/2011,5.28,5.47,435475039,38691654,8499311,5442059,323053656,41519166,1167382,8337754,2990644,865176665
6/1/2011,4.97,5.31,424402422,39969816,8544029,5832806,313341001,41447579,1196954,8191059,3081992,846007658
7/1/2011,4.92,5.26,399200336,38266812,7896075,6510097,304389383,41230478,1232117,8234706,2781223,809741227
8/1/2011,4.89,5.18,427531700,39273635,8642407,6340546,289768217,43006645,1265409,8648677,3128293,827605529
9/1/2011,4.84,5.14,452527814,39060138,8505196,5498370,314442471,43465251,1095248,8760656,2958027,876313171
10/1/2011,4.62,5.09,462345818,39812978,8555087,5193859,330769069,44677523,1087501,8753432,2950689,904145956
11/1/2011,4.52,5.3,433653609,38953317,8224575,4705904,309615242,40608036,1012604,8060009,2821872,847655168
12/1/2011,4.36,5.16,414406565,39043625,8021731,4878105,306078172,40323098,1057122,7806363,2724984,824339765
1/1/2012,4.51,5.11,413062591,38028586,8015836,4242562,300175851,35346219,1551524,8013863,3113101,811550133
2/1/2012,4.76,5.26,423835332,36818623,8150125,4484532,306232832,35605963,1399059,8382273,3103380,828012119
3/1/2012,5.11,5.48,450242443,40240669,8703871,5043741,323396077,39275024,1615832,8652569,3228623,880398849
4/1/2012,5.17,5.45,426071371,39077989,8254521,5394336,306490179,38625221,1475937,8470194,3110226,836969974
5/1/2012,4.96,5.28,436876203,40588212,8640348,5639860,322225912,39227176,1517713,8245030,3338949,866299403
6/1/2012,4.7,4.99,405053142,40118258,8087360,5869114,309182775,38183913,1621119,7841637,3118545,819075863
7/1/2012,4.57,4.94,396563795,40006522,7938332,6625884,313750219,37893586,1799927,8049344,3115169,815742778
8/1/2012,4.92,5.26,428798776,41333213,8600398,6637862,321575077,39281395,1878621,8442031,3377990,859925363
9/1/2012,5.06,5.42,429399810,38485545,7933995,5480382,311974507,38353603,1892444,7845838,2941818,844307942
10/1/2012,4.91,5.37,465121763,40255616,8789605,5133851,315392580,40798121,2026077,8994470,3440466,889952549
11/1/2012,4.53,5.25,426988535,36710721,7991561,5116997,303567457,36634391,1744012,8038681,3076475,829868830
12/1/2012,4.35,5.2,391558663,37715624,7523679,4923388,303911035,35375771,1576647,7500534,2759022,792844363
1/1/2013,4.35,5.12,416590508,38529469,8362585,4611113,312521384,35931090,1849475,7731437,3139126,829266187
2/1/2013,4.78,5.36,401449960,35512035,7856024,4149675,284196399,34013964,1628630,7258139,2865570,778930396
3/1/2013,4.85,5.32,427611143,39371142,8507819,5028544,321224606,37939505,1901017,8013926,3028449,852626151
4/1/2013,4.68,5.15,440641927,40107834,8796357,5187013,324498622,38524895,1813949,8126590,3177630,870874817
5/1/2013,4.73,5.07,434887648,40807601,8876434,5544018,328881140,39457860,1585167,8334603,3185772,871560243
6/1/2013,4.74,5.03,392198222,39613407,8073103,5868939,321011892,37201243,1695785,7645794,3009253,816317638
7/1/2013,4.68,5.04,402815811,41721160,8414078,6705239,318826673,39314924,1746447,8338864,3097715,830980911
8/1/2013,4.65,5.08,417694837,40991454,8616014,6656809,323047084,40219741,1907108,8605782,3180802,850919631
9/1/2013,4.59,5.15,432484224,39118850,8380931,5450131,325668949,39732757,1899755,8145803,3005749,863887149
10/1/2013,4.35,5.05,468922097,42473362,9187634,5347096,351144070,42925734,1987777,8722148,3241068,933950986
11/1/2013,4.21,4.98,409910708,39007496,8076002,4649913,315728457,37338226,1848964,7410161,2805219,826775146
12/1/2013,4.24,5.02,390127322,39590304,7858357,4685045,311376286,36817459,1658598,7395180,2748779,802257330
1/1/2014,4.28,5.03,393776146,38598567,7914578,4323406,300475967,38305451,1941081,7757116,3142034,796234346
2/1/2014,4.33,5.14,385417788,36421619,7635573,4035042,296321980,36078719,1681809,7069803,2859018,777521351
3/1/2014,4.55,5.15,427688504,40222788,8552592,4925421,341172883,40107904,2063867,7905485,3114798,875754242
4/1/2014,4.7,5.09,432079568,41566658,8807505,5401277,340646613,41527244,1923323,7980947,3227104,883160239
5/1/2014,4.71,5.05,427605787,41196754,8679825,5647415,348582398,41373900,1573097,8124973,3129727,885913876
6/1/2014,4.73,5,396810347,41647153,8321918,5958330,331255357,40852829,1710594,7737823,3163668,837458019
7/1/2014,4.62,4.97,403034101,43295464,8558301,7011736,331758896,41501246,1821527,7935946,3295578,848212795
8/1/2014,4.46,4.91,406774404,41154291,8386562,6906953,332120304,41724589,2026542,7893247,3077743,850064635
9/1/2014,4.36,4.85,441504664,41500589,8596626,5787285,340144036,42450378,1995080,8098595,3171041,893248294
10/1/2014,4.06,4.71,468726055,43969692,9241282,5759472,360235509,44886407,2099773,8574049,3344053,946836292
11/1/2014,3.73,4.67,394917517,38961111,7773311,4779055,309827385,37788491,1925033,7143753,2719185,805834841
12/1/2014,3.27,4.38,399678857,41768976,8235691,5058603,323170273,38076694,1888505,7182834,2965676,828026109
1/1/2015,2.74,3.88,388019558,38900460,7969774,4444961,292505519,37135367,2094505,7254039,3066501,781390684
2/1/2015,2.86,3.69,373955535,35658759,7592022,4264113,276395811,34978391,1797025,6741783,2920093,744303532
3/1/2015,3.17,3.73,425501877,40813325,8767746,5195669,335095110,40364264,2164646,7571850,3249491,868723978
4/1/2015,3.17,3.58,421712772,41314438,8828694,5770014,332990052,40003846,2093645,7513241,3184300,863411002
5/1/2015,3.48,3.7,405593272,40024513,8414633,6178751,322735932,38710630,1803038,7305090,2950445,833716304
6/1/2015,3.58,3.67,395287569,42434637,8575768,6806636,335571902,39536194,1836508,7200588,3192306,840442108
7/1/2015,3.56,3.56,394311608,43325869,8548625,7931756,343093580,42349911,2098680,7975027,3134482,852769538
8/1/2015,3.36,3.31,393280682,41012564,8340567,7691999,298354832,42006303,2197592,7995343,3044667,803924549
9/1/2015,3.02,3.2,422482458,41539615,8508343,6435867,324530400,43172808,2170521,8026261,3091930,859958203
10/1/2015,2.93,3.22,442118474,42973896,9001984,6006408,355145296,44484082,2194027,8493904,3213823,913631894
11/1/2015,2.75,3.15,391729367,39481481,8000056,5238315,315636259,38717571,2072010,7561000,2787671,811223730
12/1/2015,2.6,2.95,387211500,41295285,8285442,5382098,319644458,38945819,1897460,7700147,2919241,813281450
1/1/2016,2.49,2.74,367158325,38145327,7794556,4734062,291435498,37181580,2050885,7742606,2901910,759144749
2/1/2016,2.26,2.56,387599778,37877780,8174821,4785203,304686099,38665823,1942093,7822730,2920987,794475314
3/1/2016,2.51,2.67,417072272,42189495,9000839,5755918,337703626,41824000,2157602,8153388,3190983,867048123
4/1/2016,2.68,2.73,399730431,40690558,8584642,6005183,321735749,42179568,2030844,7857201,2961459,831775635
5/1/2016,2.88,2.93,393285876,41414363,8540387,6492204,336609592,41896323,1742183,7358321,3055982,840395231
6/1/2016,2.99,3.06,378662448,43462698,8515892,7117454,335418152,42890003,1762227,7162495,3169388,828160757
7/1/2016,2.83,3.04,356497262,41616498,7987713,7788984,302880192,41432140,2022460,6858524,2844365,769928138
8/1/2016,2.75,2.97,389157423,43258484,8795141,7877293,319225270,43107253,2131682,7324644,3220892,824098082
9/1/2016,2.79,3.01,407262331,41996290,8552713,6591335,324640287,42778001,2067753,7034632,2972520,843895862
10/1/2016,2.83,3.08,407151581,42441206,8645178,5939358,328030685,44069377,2042873,7047491,2981987,848349736
11/1/2016,2.74,3.06,380067115,41998128,8271344,5442893,313570065,40874106,2083778,6741850,2782428,801831707
12/1/2016,2.82,3.14,358047150,41459070,8059738,5292786,306507694,39301108,1830894,6568679,2602429,769669548
1/1/2017,2.93,3.22,360153027,40521687,8062833,4745339,300455858,39529988,2098416,6619698,2887211,765074057
2/1/2017,2.87,3.2,355133133,37118333,7881976,4595148,287413151,37943081,1775828,6300465,2683341,740844456
3/1/2017,2.9,3.18,394789747,42508865,8976831,5423058,338424805,43282087,2177907,7244039,3107393,845934732
4/1/2017,3.01,3.21,368812017,39902604,8280753,5998361,320732026,41044702,1936842,6677700,2765192,796150197
5/1/2017,2.98,3.19,384835332,42335497,8840523,6648734,339297332,41922523,1698296,7325355,3050368,835953960
6/1/2017,2.92,3.12,361724174,43067334,8554816,7412094,329407692,41498238,1670938,6994529,3001654,803331469
7/1/2017,2.86,3.1,342631913,40589185,8030791,8492709,301714356,41049558,1899098,6502490,2760051,753670151
8/1/2017,2.95,3.21,372541048,42826356,8853096,8393522,311568011,42910189,2034122,6711380,3142836,798980560
9/1/2017,3.26,3.43,379431866,40982904,8199927,6935674,319287150,41824032,1611258,6374416,2839911,807487138
10/1/2017,3.08,3.44,405015773,43352974,8942517,6695018,352480884,43451668,1892724,6757853,3061500,871650911
11/1/2017,3.15,3.57,372165107,41077874,8340674,5853283,316024718,39625532,1818945,6433523,2798290,794137946
12/1/2017,3.04,3.57,340233329,39882793,7835517,5545003,295781405,37758248,1579810,6373049,2535593,737524747
1/1/2018,3.12,3.68,351393665,41155935,8075645,5048346,296734612,38610441,1469328,6444607,2904449,751837028
2/1/2018,3.15,3.71,347455878,37466285,7850061,4979524,285909946,36725974,1242891,5860155,2653463,730144177
3/1/2018,3.15,3.64,374445387,41483717,8517878,5868086,320783610,41072884,1485828,6553947,2910726,803122063
4/1/2018,3.35,3.76,373429528,41338485,8471285,6254597,310911906,40590721,1352559,6319314,2840444,791508839
5/1/2018,3.51,3.93,380394464,43141739,8797132,7217531,327334363,41654561,1169262,6718413,3077796,819505261
6/1/2018,3.5,3.94,354220331,42719878,8265561,7873169,321008097,40491006,1210322,6355360,2888058,785031782
7/1/2018,3.44,3.91,343420730,42670264,8149354,8923602,305200610,41210585,1372853,6259049,2994644,760201691
8/1/2018,3.42,3.88,372619334,43968791,8832107,8739418,306972356,42714217,1553838,6495844,3119910,795015815
9/1/2018,3.41,3.93,366982365,40608482,8014645,7214488,305257392,41201987,1358362,6138966,2719397,779496084
10/1/2018,3.44,4.04,416357741,45234198,9180701,7027346,347798807,44659565,1414797,6901067,3159553,881733775
11/1/2018,3.18,3.97,363232357,41813136,8165201,6026087,305307653,40227469,1321117,6444612,2760499,775298131
12/1/2018,2.84,3.75,339553455,40381433,7696696,5885264,286443134,37665530,1212022,6167615,2512253,727517402
1/1/2019,2.7,3.58,349347593,40053026,8053406,5611057,283759101,39077010,1337574,6601407,2851172,736691346
2/1/2019,2.77,3.59,337618455,37176781,7656960,4878265,272540314,35740732,1152361,5951329,2600834,705316031
3/1/2019,3.01,3.68,371062356,41102030,8522976,6439895,316770312,39852042,1313989,6573510,2834038,794471148
4/1/2019,3.33,3.71,378285510,43296839,8732635,7000962,326431818,40162974,1383222,6432506,3012833,814739299
5/1/2019,3.4,3.76,380106723,44059290,8837599,7632895,331261115,40161620,1180045,6571691,3126208,822937186
6/1/2019,3.23,3.68,343774248,42044562,8088736,8066521,314121212,37644803,1190529,6128640,2851308,763910559
7/1/2019,3.25,3.62,350180493,43655726,8427269,8848523,322707642,40023460,1303409,6423332,3102603,784672457
8/1/2019,3.11,3.56,364811860,43610733,8640213,8811639,321002405,40553917,1444958,6548290,3141182,798565197
9/1/2019,3.07,3.57,377224633,42854650,8250258,7176722,322988285,39738894,1389146,6249165,2911825,808783578
10/1/2019,3.1,3.6,405643561,46318259,9084424,6802382,353962445,42925907,1503476,6810702,3196938,876248094
11/1/2019,3.06,3.62,353654853,41352950,7977971,5715172,320972762,37740368,1402199,6222085,2635037,777673397
12/1/2019,3,3.59,334823614,41722756,7820088,5807610,317927410,37321877,1356725,6185606,2611331,755577017
1/1/2020,2.99,3.57,356887116,42900883,8386024,5521229,319658992,38759511,1300270,6362006,2976037,782752068
2/1/2020,2.86,3.41,347203593,39379392,8003158,5374481,310450699,37067497,1321756,5854510,2746152,757401238
3/1/2020,2.63,3.21,247794393,22650705,5492635,3184460,166835155,26150121,671050,5624588,2151154,480554261
4/1/2020,2.18,2.96,107822955,2834168,2301834,942440,30014960,9267082,132318,1231907,1059444,155607108
5/1/2020,2.22,2.84,127901380,3101213,2745633,1632821,36210463,10130773,149321,1224775,1103485,184199864
6/1/2020,2.46,2.85,156431981,5634475,3463074,2406007,56127362,11492586,212591,1253485,1280509,238302070
7/1/2020,2.57,2.86,179144789,7922035,3874705,3271463,77465552,12506147,247286,1517677,1402873,287352527
8/1/2020,2.56,2.84,182342418,8364065,3932739,3543458,84506365,13016354,249587,1756451,1359112,299070549
9/1/2020,2.55,2.82,177216322,9431713,4215024,3188772,100077180,13415321,264631,2309710,1367213,311485886
10/1/2020,2.52,2.79,184130831,10023833,4608025,2946189,111211741,14405990,300936,2514754,1366593,331508892
11/1/2020,2.45,2.83,165367356,9048656,4073228,2372445,94958358,12639967,274061,2226395,1181536,292142002
12/1/2020,2.54,3,163586102,8431711,4100099,2272197,96181817,12352894,293449,2233479,1110157,290561905
1/1/2021,2.7,3.1,155871208,7881741,4002083,2131740,92003818,12225834,292822,2094725,1125699,277629670
2/1/2021,2.88,3.28,146763715,7052511,3906387,1905211,86176626,11592963,297267,2175677,1099556,260969913
3/1/2021,3.22,3.61,184260869,9572228,4977702,2769267,111684834,14442680,365188,2680806,1306728,332060302
4/1/2021,3.26,3.56,185000001,9822933,5017967,3194855,113976290,14567606,364860,2743289,1325175,336012976
5/1/2021,3.38,3.64,187239496,11847446,4990025,3855676,129252006,15590094,372435,2930278,1351296,357428752
6/1/2021,3.44,3.69,193994861,15126726,5301585,4584760,151654437,17019673,402223,3145210,1458400,392687875
7/1/2021,3.5,3.73,199620240,16522699,5456172,5727220,154771873,18065924,528150,3432255,1456718,405581251
8/1/2021,3.51,3.73,208540294,16467410,5594303,5322011,150492813,18742475,662023,3578549,1517635,410917513
9/1/2021,3.52,3.75,228416517,18214603,5578505,4484858,161972287,20863911,653736,3796067,1499605,445480089
10/1/2021,3.61,3.97,237422934,20030296,5825193,4105125,185518770,22622505,720194,3783611,1495433,481524061
11/1/2021,3.7,4.06,223508479,19668215,5627306,3686940,171102300,21088540,742675,3741546,1410492,450576493
12/1/2021,3.58,3.94,211489584,17985896,5592814,3529315,168200477,20112277,674834,3433079,1271546,432289822
1/1/2022,3.56,4,189682499,17032995,5022557,2594666,137498724,18224574,696349,3409035,1333852,375495251
2/1/2022,3.75,4.3,200895561,18183784,5293059,3012337,157353865,19449967,731645,3405048,1330717,409655983
3/1/2022,4.46,5.39,240712838,23042478,6494611,3921189,188177750,23917673,829068,3962997,1602095,492660699
4/1/2022,4.32,5.39,233585151,22527802,6214236,4536343,190807620,23429487,811772,3799613,1586161,487298185
5/1/2022,4.63,5.81,238617024,23258010,6286607,4956070,194114699,23658031,676594,4019856,1694985,497281876
6/1/2022,5.08,5.93,233793145,24932905,6344846,5654319,201544577,23977598,749085,3936041,1731204,502663720
7/1/2022,4.7,5.65,226191904,23589058,6143319,6570666,184746302,23097472,855810,3915671,1702126,476812328
8/1/2022,4.09,5.16,251668215,25232748,6865290,6456688,191615309,24568364,1011003,4310781,1945530,513673928
9/1/2022,3.79,5.11,265245094,25458046,6606894,5543948,208962624,25300538,869249,4464467,1824244,544275104
10/1/2022,3.89,5.31,272004633,26302418,6808786,5030773,219286816,26554269,960935,4510440,1805334,563264404
11/1/2022,3.75,5.34,251523686,25362807,6431123,4254816,211635238,23560315,841939,4258774,1673400,529542098
12/1/2022,3.26,4.79,235387103,24860694,6333581,3961270,202445850,22251140,719434,3993975,1511268,501464315
1/1/2023,3.37,4.62,245038547,24580404,6563417,3783128,188966460,23363373,858021,4413992,1697180,499264522
2/1/2023,3.41,4.44,238962894,22564347,6314553,3619636,186507580,22722352,827128,4236950,1656269,487411709
3/1/2023,3.44,4.24,271344791,26579661,7361297,4395691,219764301,26215676,968790,4629822,1889800,563149829
4/1/2023,3.61,4.11,258174071,25871615,6797941,5066463,204235768,25450825,932862,4294978,1783777,532608300
