date,"Aberdeen-Bel Air South-Bel Air North, MD","Abilene, TX","Akron, OH","Albany, GA","Albany-Schenectady, NY","Albuquerque, NM","Alexandria, LA","Allentown, PA-NJ","Altoona, PA","Amarillo, TX","Ames, IA","Anchorage, AK","Anderson, IN","Ann Arbor, MI","Antioch, CA","Appleton, WI","Asheville, NC","Athens-Clarke County, GA","Atlanta, GA","Atlantic City, NJ","Auburn, AL","Augusta-Richmond County, GA-SC","Austin, TX","Bakersfield, CA","Baltimore, MD","Bangor, ME","Barnstable Town, MA","Baton Rouge, LA","Battle Creek, MI","Bay City, MI","Beaumont, TX","Bellingham, WA","Beloit, WI-IL","Bend, OR","Benton Harbor-St. Joseph-Fair Plain, MI","Billings, MT","Binghamton, NY-PA","Birmingham, AL","Bismarck, ND","Blacksburg, VA","Bloomington, IN","Bloomington-Normal, IL","Boise City, ID","Bonita Springs, FL","Boston, MA-NH-RI","Boulder, CO","Bowling Green, KY","Bremerton, WA","Bridgeport-Stamford, CT-NY","Brownsville, TX","Buffalo, NY","Burlington, VT","Canton, OH","Cape Coral, FL","Carbondale, IL","Casper, WY","Cedar Rapids, IA","Champaign, IL","Charleston, WV","Charleston-North Charleston, SC","Charlotte, NC-SC","Charlottesville, VA","Chattanooga, TN-GA","Cheyenne, WY","Chicago, IL-IN","Chico, CA","Cincinnati, OH-KY-IN","Clarksville, TN-KY","Cleveland, OH","Cleveland, TN","Coeur d'Alene, ID","College Station-Bryan, TX","Colorado Springs, CO","Columbia, MO","Columbia, SC","Columbus, GA-AL","Columbus, OH","Concord, CA","Conroe-The Woodlands, TX","Corpus Christi, TX","Corvallis, OR","Cumberland, MD-WV-PA","Dallas-Fort Worth-Arlington, TX","Danbury, CT-NY","Danville, IL-IN","Daphne-Fairhope, AL","Davenport, IA-IL","Davis, CA","Dayton, OH","DeKalb, IL","Decatur, AL","Decatur, IL","Denton-Lewisville, TX","Denver-Aurora, CO","Des Moines, IA","Detroit, MI","Dothan, AL","Dover-Rochester, NH-ME","Dubuque, IA-IL","Duluth, MN-WI","Durham, NC","East Stroudsburg, PA-NJ","Eau Claire, WI","El Centro, CA","El Centro-Calexico, CA","El Paso, TX-NM","Elizabethtown-Radcliff, KY","Elkhart, IN-MI","Elmira, NY","Erie, PA","Eugene, OR","Evansville, IN-KY","Fairbanks, AK","Fairfield, CA","Fargo, ND-MN","Fayetteville, NC","Fayetteville-Springdale-Rogers, AR-MO","Flagstaff, AZ","Flint, MI","Florence, AL","Florence, SC","Fond du Lac, WI","Fort Collins, CO","Fort Smith, AR-OK","Fort Walton Beach-Navarre-Wright, FL","Fort Wayne, IN","Frederick, MD","Fredericksburg, VA","Fresno, CA","Gainesville, FL","Gainesville, GA","Galveston, TX","Glens Falls, NY","Grand Forks, ND-MN","Grand Junction, CO","Grand Rapids, MI","Great Falls, MT","Greeley, CO","Green Bay, WI","Greensboro, NC","Greenville, SC","Gulfport, MS","Hagerstown, MD-WV-PA","Hanford, CA","Harrisburg, PA","Harrisonburg, VA","Hartford, CT","Hickory, NC","High Point, NC","Holland, MI","Houma, LA","Houston, TX","Huntington, WV-KY-OH","Huntsville, AL","Idaho Falls, ID","Indianapolis, IN","Indio-Cathedral City, CA","Iowa City, IA","Ithaca, NY","Jackson, MI","Jackson, MS","Jackson, TN","Jacksonville, FL","Janesville, WI","Jefferson City, MO","Johnson City, TN","Johnstown, PA","Jonesboro, AR","Kahului, HI","Kalamazoo, MI","Kankakee, IL","Kansas City, MO-KS","Kennewick-Pasco, WA","Kenosha, WI-IL","Killeen, TX","Kingsport, TN-VA","Knoxville, TN","Kokomo, IN","La Crosse, WI-MN","Lafayette, IN","Lafayette, LA","Lake Tahoe, CA-NV","Lakeland, FL","Lancaster, PA","Lancaster--Manheim, PA","Lancaster-Palmdale, CA","Lansing, MI","Laredo, TX","Las Cruces, NM","Las Vegas-Henderson, NV","Lawrence, KS","Lawton, OK","Lebanon, PA","Leesburg-Eustis-Tavares, FL","Leominster--Fitchburg, MA","Lewiston, ME","Lexington-Fayette, KY","Lima, OH","Lincoln, NE","Little Rock, AR","Lodi, CA","Logan, UT","Lompoc, CA","Longview, WA-OR","Lorain-Elyria, OH","Los Angeles, CA","Los Angeles--Long Beach--Anaheim, CA","Los Angeles-Long Beach-Anaheim, CA","Louisville/Jefferson County, KY-IN","Lubbock, TX","Lynchburg, VA","Macon, GA","Madison, WI","Manchester, NH","Mansfield, OH","McAllen, TX","McKinney, TX","Medford, OR","Memphis, TN-MS-AR","Merced, CA","Miami, FL","Middletown, OH","Milwaukee, WI","Minneapolis-St. Paul, MN-WI","Mission Viejo-Lake Forest-San Clemente, CA","Missoula, MT","Mobile, AL","Modesto, CA","Monessen-California, PA","Monroe, LA","Monroe, MI","Montgomery, AL","Morgantown, WV","Morristown, TN","Mount Vernon, WA","Muncie, IN","Murfreesboro, TN","Muskegon, MI","Myrtle Beach-Socastee, SC-NC","Napa, CA","Nashua, NH-MA","Nashville-Davidson, TN","New Bedford, MA","New Haven, CT","New Orleans, LA","New York, NY--Northeastern NJ","New York--Jersey City--Newark, NY--NJ","New York-Newark, NY-NJ-CT","Newark, OH",Non-UZA,"Norman, OK","North Port-Port Charlotte, FL","Norwich-New London, CT-RI","Ocala, FL","Odessa, TX","Oklahoma City, OK","Olympia-Lacey, WA","Omaha, NE-IA","Orlando, FL","Oshkosh, WI","Owensboro, KY","Oxnard, CA","Oxnard--San Buenaventura (Ventura), CA","Palm Bay-Melbourne, FL","Palm Coast-Daytona Beach-Port Orange, FL","Panama City, FL","Parkersburg, WV-OH","Pensacola, FL-AL","Peoria, IL","Petaluma, CA","Philadelphia, PA--NJ--DE--MD","Philadelphia, PA-NJ-DE-MD","Phoenix-Mesa, AZ","Pittsburgh, PA","Pittsfield, MA","Pocatello, ID","Port Arthur, TX","Port Huron, MI","Port St. Lucie, FL","Porterville, CA","Portland, ME","Portland, OR-WA","Portsmouth, NH-ME","Pottstown, PA","Poughkeepsie-Newburgh, NY-NJ","Providence, RI--MA","Providence, RI-MA","Pueblo, CO","Racine, WI","Raleigh, NC","Rapid City, SD","Reading, PA","Redding, CA","Reno, NV-CA","Richmond, VA","Riverside-San Bernardino, CA","Roanoke, VA","Rochester, MN","Rochester, NY","Rockford, IL","Rome, GA","Sacramento, CA","Saginaw, MI","Salem, OR","Salisbury, MD-DE","Salt Lake City-West Valley City, UT","San Angelo, TX","San Antonio, TX","San Diego, CA","San Francisco--Oakland, CA","San Francisco-Oakland, CA","San Jose, CA","San Juan, PR","San Luis Obispo, CA","San Marcos, TX","Santa Barbara, CA","Santa Clarita, CA","Santa Cruz, CA","Santa Fe, NM","Santa Maria, CA","Santa Rosa, CA","Sarasota-Bradenton, FL","Savannah, GA","Scranton, PA","Seaside-Monterey, CA","Seattle, WA","Sebastian-Vero Beach South-Florida Ridge, FL","Sheboygan, WI","Sherman, TX","Shreveport, LA","Simi Valley, CA","Sioux City, IA-NE-SD","Sioux Falls, SD","South Bend, IN-MI","South Lyon-Howell, MI","Spartanburg, SC","Spokane, WA","Spring Hill, FL","Springfield, IL","Springfield, MA--CT","Springfield, MA-CT","Springfield, MO","Springfield, OH","St. Augustine, FL","St. Cloud, MN","St. Joseph, MO-KS","St. Louis, MO-IL","State College, PA","Stockton, CA","Sumter, SC","Syracuse, NY","Tallahassee, FL","Tampa-St. Petersburg, FL","Terre Haute, IN","Texarkana-Texarkana, TX-AR","Texas City, TX","Thousand Oaks, CA","Toledo, OH-MI","Topeka, KS","Tucson, AZ","Tulsa, OK","Turlock, CA","Tuscaloosa, AL","Uniontown-Connellsville, PA","Urban Honolulu, HI","Utica, NY","Vacaville, CA","Vallejo, CA","Victoria, TX","Victorville-Hesperia, CA","Villas, NJ","Vineland, NJ","Virgin Islands, VI","Virginia Beach, VA","Visalia, CA","Waco, TX","Waldorf, MD","Washington, DC-VA-MD","Washington--Arlington, DC--VA--MD","Waterbury, CT","Waterloo, IA","Wausau, WI","Wenatchee, WA","Westminster-Eldersburg, MD","Wheeling, WV-OH","Wichita, KS","Williamsburg, VA","Williamsport, PA","Wilmington, NC","Winchester, VA","Winston-Salem, NC","Winter Haven, FL","Worcester, MA-CT","Yakima, WA","York, PA","Youngstown, OH-PA","Yuba City, CA","Yuma, AZ-CA"
2002-01-01,206442.0,600217.0,6286026.0,660406.0,11727393.0,7340397.0,641296.0,4796045.0,497600.0,252627.0,0.0,3417481.0,0.0,8759746.0,2311239.0,1158867.0,1032906.0,0.0,153351404.0,0.0,0.0,0.0,54521901.0,1764499.0,112579714.0,522277.0,642395.0,7243840.0,543629.0,0.0,0.0,3176279.0,265631.0,0.0,0.0,698800.0,2749897.0,3073087.0,0.0,0.0,1383162.0,807432.0,0.0,0.0,349004563.0,0.0,0.0,4610537.0,8767477.0,0.0,24336034.0,0.0,204021.0,2335212.0,0.0,0.0,1221307.0,9272511.0,0.0,3816361.0,15021342.0,1071974.0,3219583.0,132851.0,595502520.0,829496.0,30058572.0,561619.0,53571975.0,0.0,0.0,273603.0,3829443.0,525043.0,0.0,896230.0,16419464.0,6748777.0,0.0,5671068.0,0.0,0.0,78358375.0,867128.0,0.0,0.0,1958285.0,2912404.0,13518098.0,0.0,0.0,870124.0,0.0,80923473.0,4315437.0,50213704.0,153677.0,0.0,291260.0,0.0,8372356.0,0.0,640839.0,0.0,0.0,11013563.0,0.0,263838.0,659342.0,2707362.0,8479644.0,1520099.0,0.0,0.0,818865.0,0.0,1264210.0,243473.0,5113653.0,103027.0,0.0,0.0,1548646.0,45160.0,150386.0,1435628.0,249669.0,0.0,9232979.0,11466.0,0.0,799484.0,0.0,0.0,0.0,5739685.0,430725.0,375312.0,0.0,2106682.0,0.0,243334.0,287006.0,0.0,2595995.0,0.0,14434292.0,0.0,641754.0,0.0,205292.0,95292940.0,740366.0,0.0,11611.0,8673720.0,0.0,4928357.0,0.0,0.0,218594.0,366472.0,8694255.0,473676.0,0.0,347369.0,1271054.0,0.0,0.0,2601066.0,0.0,13038776.0,3669252.0,1774666.0,345193.0,47354.0,0.0,91077.0,432007.0,9339.0,0.0,0.0,0.0,2228588.0,0.0,2703230.0,7934548.0,0.0,0.0,46490972.0,280198.0,0.0,0.0,0.0,910028.0,0.0,3711451.0,0.0,1563881.0,0.0,0.0,1343846.0,170679.0,372051.0,597493.0,8386072.0,86899308.0,531432949.0,15004327.0,4197096.0,1044422.0,0.0,11019527.0,0.0,378512.0,362609.0,0.0,0.0,12176900.0,552361.0,128644376.0,132309.0,58614775.0,75121093.0,0.0,695097.0,0.0,1623607.0,1728.0,620.0,0.0,0.0,0.0,0.0,0.0,1313964.0,0.0,0.0,111863.0,636353.0,0.0,6706821.0,1464320.0,8757824.0,53556382.0,438704.0,18039516.0,3718590835.0,209888.0,0.0,0.0,58915.0,0.0,341759.0,0.0,4228900.0,2774451.0,3502627.0,21985657.0,1017029.0,0.0,0.0,505361.0,51311.0,2889918.0,258261.0,292936.0,1585352.0,1955921.0,0.0,0.0,315274304.0,48016244.0,76049641.0,0.0,446577.0,162672.0,559296.0,272701.0,0.0,2279857.0,95904541.0,0.0,0.0,3419.0,818807.0,13631119.0,59580.0,483136.0,3156839.0,163194.0,0.0,883385.0,0.0,9911858.0,24298775.0,1941176.0,0.0,12692958.0,1567775.0,238223.0,29066487.0,0.0,0.0,0.0,30944603.0,223577.0,38210955.0,87125923.0,10529505.0,423111213.0,51421843.0,62188973.0,506437.0,0.0,5231370.0,3037164.0,6307692.0,589706.0,333023.0,4037700.0,2457904.0,3660125.0,3008549.0,4909866.0,149647920.0,210800.0,655160.0,70987.0,0.0,315041.0,0.0,681805.0,2015848.0,0.0,610301.0,8030597.0,0.0,1382200.0,8343120.0,11239341.0,1760005.0,0.0,0.0,811883.0,411917.0,48630363.0,6198199.0,5387500.0,286183.0,755906.0,3093195.0,17950830.0,149399.0,0.0,82493.0,180300.0,4694303.0,1335205.0,14787956.0,2880972.0,0.0,0.0,0.0,72600504.0,0.0,233043.0,3481217.0,0.0,533776.0,0.0,0.0,0.0,9493913.0,0.0,0.0,0.0,12135438.0,395302375.0,1612365.0,476637.0,779459.0,0.0,0.0,523762.0,1602755.0,219439.0,1177657.0,557178.0,0.0,77235.0,363432.0,0.0,0.0,0.0,1386735.0,0.0,0.0
2003-01-01,230201.0,584114.0,6441156.0,700539.0,11653362.0,6800461.0,564833.0,4757752.0,700677.0,360453.0,4864353.0,3619051.0,0.0,8827313.0,1146865.0,1053827.0,1051038.0,1184393.0,145629108.0,0.0,43887.0,0.0,35609590.0,0.0,118380068.0,570074.0,599783.0,0.0,395928.0,0.0,150443.0,3267524.0,285563.0,0.0,155966.0,726286.0,1410091.0,3757320.0,0.0,0.0,2070088.0,0.0,1234020.0,0.0,352456358.0,0.0,0.0,4990975.0,7566727.0,1546543.0,23182571.0,0.0,0.0,2486225.0,0.0,0.0,1187616.0,10092287.0,0.0,2210947.0,15806757.0,972999.0,3094767.0,153361.0,579609898.0,833640.0,29691362.0,616518.0,54332055.0,0.0,0.0,254261.0,3364908.0,506564.0,0.0,953423.0,15770592.0,5584347.0,0.0,5117033.0,0.0,0.0,74611549.0,878617.0,0.0,0.0,1884559.0,3282035.0,13145621.0,0.0,0.0,921802.0,0.0,78625798.0,4129103.0,49670175.0,137074.0,251045.0,316488.0,0.0,8999794.0,0.0,1366360.0,0.0,0.0,11299643.0,0.0,260974.0,0.0,2688549.0,8221485.0,1514850.0,385187.0,823847.0,720784.0,1301490.0,1358368.0,332138.0,3222596.0,197592.0,466354.0,0.0,1578505.0,0.0,220556.0,1554153.0,418670.0,258611.0,11123572.0,0.0,0.0,0.0,227220.0,0.0,0.0,5756150.0,474235.0,456122.0,0.0,2260776.0,615938.0,647734.0,0.0,0.0,2522841.0,0.0,13933834.0,0.0,588169.0,169916.0,196442.0,90937669.0,722444.0,65.0,20204.0,8839015.0,3561765.0,5112103.0,0.0,0.0,0.0,456477.0,9219333.0,480606.0,0.0,358960.0,1199113.0,0.0,0.0,3088665.0,0.0,13946848.0,3790146.0,1671175.0,386327.0,95957.0,2558701.0,78021.0,892159.0,3909747.0,0.0,0.0,0.0,2204791.0,0.0,2710616.0,7869352.0,0.0,0.0,49437605.0,312890.0,0.0,0.0,0.0,44544.0,0.0,3333310.0,0.0,1474064.0,340793.0,390731.0,1369538.0,186696.0,366692.0,702546.0,3170233.0,89201104.0,481567932.0,14968784.0,7814957.0,1156593.0,306058.0,11163412.0,407967.0,346293.0,389727.0,0.0,578182.0,12051095.0,630910.0,136883971.0,195687.0,58271701.0,73995638.0,0.0,699892.0,0.0,3023108.0,406916.0,219912.0,0.0,551593.0,0.0,0.0,0.0,0.0,0.0,0.0,0.0,821478.0,0.0,6939505.0,1791308.0,8339565.0,49975418.0,0.0,18773784.0,3638892463.0,201994.0,214236.0,0.0,60472.0,442918.0,269521.0,0.0,4003687.0,2961160.0,3297396.0,22668289.0,1028718.0,0.0,1677633.0,564066.0,1341151.0,3049097.0,194529.0,245840.0,1620240.0,1081003.0,0.0,228435.0,317171897.0,45282426.0,70299501.0,0.0,500447.0,143922.0,772814.0,194759.0,0.0,2247628.0,96974693.0,0.0,0.0,398041.0,635564.0,17920405.0,262339.0,1558120.0,3396172.0,0.0,2744346.0,781314.0,0.0,8673519.0,24451648.0,1924742.0,1259493.0,14186215.0,1450109.0,0.0,30239025.0,0.0,0.0,0.0,32582213.0,166015.0,37605142.0,87309594.0,10288680.0,426310249.0,42581269.0,59680306.0,660443.0,0.0,7108440.0,3238288.0,6158199.0,647770.0,687381.0,3784574.0,2353716.0,3844732.0,3095339.0,4749393.0,150411582.0,0.0,597150.0,0.0,0.0,452705.0,0.0,767628.0,2548018.0,0.0,502074.0,8037527.0,0.0,811938.0,0.0,10286258.0,1530706.0,0.0,0.0,1681383.0,430210.0,47754078.0,6144916.0,5324282.0,334551.0,780202.0,4487759.0,19401314.0,158492.0,0.0,99280.0,198675.0,4639781.0,1259381.0,15503213.0,2333633.0,0.0,0.0,0.0,60053799.0,0.0,0.0,3323961.0,0.0,0.0,0.0,0.0,0.0,8616110.0,0.0,0.0,199318.0,14766603.0,420918767.0,1602149.0,454462.0,743249.0,0.0,0.0,489206.0,2177319.0,431738.0,1247241.0,570748.0,0.0,0.0,474633.0,0.0,1106108.0,0.0,1384568.0,173.0,0.0
2004-01-01,250168.0,581436.0,6935189.0,695334.0,11503092.0,6775606.0,579402.0,5038668.0,670075.0,371114.0,4540993.0,3815009.0,0.0,9643780.0,2380535.0,1128330.0,1085230.0,355786.0,150144442.0,0.0,0.0,0.0,35208841.0,7002105.0,113255187.0,619332.0,0.0,4552146.0,0.0,0.0,0.0,3579121.0,289725.0,0.0,161919.0,721615.0,3010441.0,4058959.0,0.0,0.0,2057509.0,0.0,734791.0,0.0,395504105.0,0.0,0.0,5100406.0,9449452.0,388313.0,23328839.0,0.0,0.0,2709843.0,0.0,0.0,1123386.0,10006233.0,2154974.0,932073.0,16779888.0,1203003.0,3054097.0,176518.0,582228928.0,911597.0,29016058.0,619174.0,57030310.0,0.0,0.0,585850.0,2817708.0,547044.0,2620774.0,978670.0,15019288.0,6506948.0,0.0,5570044.0,0.0,0.0,67572287.0,417162.0,0.0,0.0,1078659.0,3493808.0,13217583.0,0.0,0.0,1014602.0,0.0,84300236.0,4084898.0,49916395.0,141513.0,301977.0,345694.0,894002.0,10569663.0,0.0,863425.0,0.0,0.0,11426593.0,0.0,272185.0,0.0,2820070.0,8522047.0,1512953.0,402841.0,770210.0,930143.0,1333243.0,1440418.0,414345.0,4253635.0,92768.0,362421.0,0.0,1541302.0,0.0,221136.0,1647578.0,507756.0,283158.0,11039143.0,8000076.0,0.0,830998.0,0.0,0.0,0.0,5827088.0,443260.0,433977.0,0.0,1974996.0,715120.0,614336.0,0.0,0.0,2144372.0,0.0,13819459.0,0.0,660212.0,173343.0,190901.0,95992059.0,706880.0,0.0,0.0,8405598.0,3466596.0,3293408.0,0.0,635086.0,819764.0,458641.0,9767889.0,512172.0,0.0,397895.0,1180149.0,0.0,0.0,3056307.0,0.0,13741264.0,4113536.0,1639762.0,377741.0,108145.0,860443.0,0.0,0.0,4255571.0,0.0,0.0,0.0,2291947.0,0.0,702154.0,9009167.0,3789479.0,167260.0,52598750.0,377518.0,0.0,0.0,0.0,975452.0,0.0,2930757.0,0.0,1584856.0,2102166.0,0.0,1130016.0,0.0,378799.0,747005.0,0.0,100580469.0,547303204.0,14939463.0,5803625.0,0.0,262849.0,11199970.0,378696.0,315728.0,401933.0,0.0,0.0,12855408.0,735263.0,156963710.0,204738.0,56365238.0,63674995.0,0.0,685575.0,0.0,3107760.0,376284.0,0.0,0.0,62248.0,0.0,0.0,0.0,1379200.0,0.0,427012.0,0.0,786682.0,340347.0,6685929.0,1763749.0,8078136.0,48609264.0,0.0,20841601.0,3781734785.0,212042.0,190122.0,0.0,59770.0,126719.0,118656.0,0.0,3155237.0,3172545.0,3267344.0,23873273.0,1064141.0,0.0,3226963.0,620059.0,1328404.0,3165455.0,148174.0,247274.0,1433071.0,0.0,0.0,243629.0,349844197.0,55667654.0,70082517.0,539847.0,490854.0,0.0,856498.0,169598.0,0.0,2243927.0,102865340.0,0.0,0.0,942101.0,897003.0,18866611.0,1054932.0,1498665.0,3628476.0,0.0,2834157.0,769779.0,7941738.0,8850302.0,23769908.0,1954105.0,707464.0,14325454.0,1372599.0,0.0,32466972.0,721028.0,5720711.0,0.0,34629811.0,176076.0,38025362.0,91037550.0,9575259.0,413674415.0,39122283.0,62024554.0,705806.0,0.0,7022926.0,3568955.0,5811837.0,618998.0,729981.0,1312143.0,2396075.0,3889496.0,3162942.0,4730877.0,153635119.0,0.0,529582.0,134531.0,2858940.0,118298.0,0.0,794890.0,2651365.0,0.0,167053.0,8308626.0,0.0,1042435.0,0.0,9468567.0,1439916.0,0.0,0.0,1819185.0,348441.0,48098284.0,6107271.0,5334189.0,393750.0,775722.0,4514782.0,20523003.0,158678.0,173973.0,96832.0,204672.0,4614598.0,1403225.0,15882486.0,1901290.0,0.0,0.0,0.0,63484436.0,6032.0,0.0,2912920.0,0.0,0.0,0.0,139173.0,0.0,12287822.0,1201269.0,0.0,423010.0,17585684.0,418816376.0,1610156.0,35506.0,757957.0,0.0,0.0,494333.0,0.0,519900.0,1263603.0,893616.0,0.0,0.0,582941.0,3193992.0,575151.0,869338.0,1491589.0,341.0,96873.0
2005-01-01,266474.0,618840.0,7040431.0,679504.0,12540770.0,7933308.0,579370.0,5410895.0,672510.0,389595.0,4187698.0,4246192.0,0.0,10599200.0,2525406.0,1130404.0,1129064.0,0.0,154657956.0,0.0,0.0,0.0,34210764.0,6821046.0,114090990.0,680336.0,0.0,4250179.0,0.0,0.0,0.0,3616647.0,273919.0,0.0,167554.0,733311.0,2988212.0,3888793.0,0.0,0.0,2183729.0,0.0,1108670.0,1085995.0,385031299.0,0.0,0.0,5252414.0,9899007.0,1252913.0,23621545.0,1974652.0,0.0,3009227.0,0.0,118108.0,1168863.0,9853845.0,2187398.0,1431373.0,18329658.0,1655666.0,3262418.0,195976.0,605484471.0,878646.0,27237125.0,217875.0,65045615.0,0.0,0.0,718496.0,2991157.0,537481.0,2764338.0,987249.0,15021229.0,6348088.0,0.0,5876792.0,0.0,0.0,70727128.0,714458.0,0.0,0.0,2393083.0,3349821.0,13285572.0,0.0,0.0,1074114.0,0.0,86371859.0,4272069.0,47683826.0,142697.0,323296.0,90937.0,2711544.0,11513285.0,0.0,1246574.0,0.0,0.0,13121693.0,0.0,289624.0,0.0,2731659.0,8756765.0,1635434.0,419602.0,801344.0,1189833.0,1008552.0,1431384.0,521342.0,4979257.0,0.0,535192.0,187652.0,1647143.0,0.0,194266.0,1758336.0,487338.0,304922.0,11281820.0,8156064.0,0.0,41513.0,252523.0,226598.0,702053.0,6790691.0,270429.0,464802.0,0.0,3200759.0,767072.0,517897.0,136746.0,0.0,2300584.0,0.0,14709775.0,0.0,732656.0,193033.0,176620.0,97380271.0,762754.0,376167.0,0.0,8395522.0,3466015.0,4193916.0,3151650.0,657610.0,0.0,498091.0,10653814.0,517643.0,0.0,411686.0,1302027.0,0.0,0.0,2171609.0,172182.0,14472710.0,4353184.0,1651217.0,435070.0,91684.0,3340123.0,157605.0,1126367.0,4251685.0,0.0,0.0,0.0,2295016.0,0.0,0.0,9481581.0,3992205.0,0.0,56548697.0,438741.0,289324.0,0.0,0.0,958539.0,0.0,3052694.0,0.0,1751862.0,2338781.0,304716.0,1276010.0,263782.0,365763.0,856400.0,0.0,97574335.0,572708514.0,14899334.0,3589099.0,0.0,24490.0,11738920.0,426229.0,325940.0,35059.0,0.0,0.0,11555151.0,923181.0,158574504.0,220933.0,57372062.0,80125972.0,0.0,689928.0,866304.0,2799481.0,341913.0,1069587.0,0.0,786326.0,0.0,0.0,354796.0,1584542.0,0.0,456463.0,520600.0,788347.0,371329.0,7498402.0,1606203.0,8307305.0,29888268.0,0.0,19678806.0,3875588936.0,181750.0,201808.0,0.0,72153.0,946590.0,0.0,329083.0,2887548.0,3340987.0,3360450.0,24469835.0,1123493.0,0.0,3113306.0,677739.0,1172225.0,3338332.0,176013.0,265463.0,1268139.0,0.0,0.0,260000.0,347066580.0,59261171.0,72070442.0,573186.0,474117.0,10014.0,884182.0,311232.0,0.0,2245755.0,102953632.0,0.0,0.0,973820.0,856035.0,20776579.0,1026757.0,1520669.0,3864917.0,255074.0,2816739.0,776183.0,8651566.0,9976592.0,22805244.0,2028583.0,1344106.0,14224946.0,1424949.0,0.0,32955432.0,657730.0,5683202.0,0.0,36160914.0,181109.0,40657272.0,92602355.0,9443939.0,413172176.0,39133891.0,68066669.0,938952.0,0.0,7299901.0,3625891.0,4820084.0,636785.0,916178.0,1315113.0,3138633.0,3886436.0,3130630.0,4850857.0,159360629.0,0.0,544904.0,62640.0,2847925.0,484093.0,833234.0,836337.0,3324459.0,0.0,181579.0,8283766.0,144556.0,1385830.0,0.0,9320051.0,1572270.0,0.0,0.0,1883103.0,353707.0,50514891.0,6057079.0,3981956.0,420512.0,9945217.0,4665607.0,23668883.0,175587.0,0.0,75504.0,212671.0,4817448.0,1006179.0,16626255.0,2228557.0,0.0,0.0,98154.0,65350000.0,0.0,0.0,3045506.0,166364.0,0.0,0.0,147842.0,0.0,8933188.0,1415886.0,0.0,336056.0,20869981.0,423071988.0,1763337.0,432388.0,834850.0,0.0,75436.0,500882.0,0.0,569136.0,1244132.0,384469.0,0.0,2911125.0,562112.0,3394179.0,1216595.0,1193328.0,1788936.0,425.0,203933.0
2006-01-01,296791.0,603790.0,7066987.0,786297.0,12894692.0,9260967.0,293290.0,5776929.0,704878.0,389985.0,4255309.0,4230424.0,189049.0,11311052.0,2602404.0,1135274.0,1387140.0,1458674.0,157411921.0,0.0,71195.0,955788.0,34775654.0,6292927.0,104992055.0,755379.0,748886.0,3501422.0,492331.0,597709.0,654678.0,3744764.0,307274.0,151996.0,194428.0,770011.0,2971309.0,3469458.0,294911.0,2515548.0,2401255.0,1226228.0,1112159.0,1179218.0,387019688.0,0.0,0.0,5049961.0,10303595.0,1891071.0,23653528.0,2137482.0,0.0,3114494.0,0.0,133654.0,1214996.0,9734088.0,2207552.0,2926026.0,19072555.0,710510.0,2834192.0,211545.0,610630129.0,1146801.0,26328095.0,655755.0,70230537.0,0.0,0.0,664607.0,3522419.0,875836.0,2518334.0,918694.0,14956349.0,6406260.0,0.0,5538711.0,0.0,316615.0,76426513.0,883645.0,441376.0,0.0,3432437.0,3251557.0,13688098.0,0.0,0.0,1156661.0,0.0,87150544.0,4360038.0,50937736.0,139731.0,362607.0,233611.0,2716680.0,11697827.0,0.0,1142168.0,0.0,0.0,12467945.0,0.0,296024.0,0.0,2766844.0,9594689.0,1650849.0,369626.0,823502.0,1277147.0,1284282.0,1415554.0,712232.0,5229291.0,217081.0,433146.0,187785.0,1689041.0,211898.0,210110.0,1935587.0,678067.0,354362.0,12108951.0,8705537.0,0.0,1055980.0,315299.0,270666.0,759238.0,7727173.0,463527.0,487706.0,1775092.0,3600294.0,934984.0,407348.0,341704.0,791145.0,2600285.0,1419682.0,16789175.0,0.0,762424.0,220176.0,154115.0,102681747.0,773573.0,439397.0,0.0,8678608.0,3602410.0,5846946.0,0.0,650549.0,0.0,503072.0,11046036.0,536794.0,441722.0,500547.0,1269130.0,0.0,0.0,3055034.0,408391.0,15211035.0,4700086.0,1676859.0,370151.0,0.0,3265713.0,124989.0,1096379.0,4346081.0,0.0,0.0,1775231.0,2177218.0,0.0,0.0,10275823.0,4304878.0,735938.0,69385844.0,477040.0,337674.0,0.0,0.0,946107.0,366881.0,4802730.0,216038.0,1852090.0,2372813.0,330924.0,1586955.0,287906.0,376447.0,848254.0,0.0,100218046.0,604273612.0,15854447.0,3260547.0,1036067.0,0.0,12301419.0,461376.0,320156.0,52526.0,0.0,1267997.0,11647537.0,1003672.0,167126489.0,224396.0,56908212.0,85015722.0,0.0,746848.0,1007727.0,3015077.0,343404.0,1136712.0,0.0,944851.0,603464.0,0.0,495538.0,2053967.0,0.0,497561.0,528287.0,128662.0,388991.0,8096100.0,1625508.0,8739506.0,3822241.0,0.0,19248298.0,3928997127.0,238869.0,282539.0,947429.0,70463.0,818826.0,336735.0,394500.0,2881324.0,3828433.0,3672913.0,25216948.0,1135602.0,0.0,3407783.0,778807.0,1421591.0,3444438.0,430250.0,116291.0,1246223.0,2479497.0,0.0,308909.0,345390429.0,60484183.0,73609119.0,543312.0,464621.0,118404.0,932702.0,326255.0,490905.0,2283769.0,102909371.0,0.0,0.0,1272342.0,866927.0,23172217.0,1033411.0,1533962.0,6017546.0,275244.0,2919296.0,739565.0,9086016.0,10897751.0,22752225.0,2151265.0,1464833.0,14140414.0,1542415.0,879394.0,34743841.0,742405.0,5814846.0,657934.0,37778327.0,125475.0,43778237.0,95955604.0,9998376.0,418727351.0,42558461.0,54377963.0,955287.0,0.0,7577351.0,3798809.0,5660682.0,658009.0,943551.0,4099768.0,3592170.0,4150597.0,3249762.0,5001484.0,168274998.0,352581.0,585449.0,132838.0,3181168.0,509754.0,887310.0,930568.0,3512015.0,0.0,717649.0,9072902.0,188175.0,1348167.0,0.0,9608132.0,1838964.0,441870.0,0.0,1988476.0,392099.0,54444961.0,6165815.0,4638156.0,460129.0,10672774.0,4300734.0,24901900.0,184581.0,0.0,56842.0,249306.0,4709738.0,1646457.0,17848682.0,2516455.0,173416.0,197082.0,237786.0,68580610.0,0.0,0.0,3218506.0,216829.0,1056653.0,0.0,126559.0,0.0,12756314.0,1439261.0,628017.0,302959.0,22848540.0,438672844.0,1920912.0,436783.0,882270.0,0.0,158087.0,480627.0,0.0,2712134.0,1255602.0,1456952.0,0.0,2891410.0,674778.0,3454046.0,1298771.0,1919946.0,347121.0,772888.0,293382.0
2007-01-01,297547.0,600231.0,6853635.0,788762.0,13366880.0,9985277.0,716405.0,5429607.0,618678.0,395471.0,4482514.0,4443761.0,175035.0,11523324.0,2613491.0,1181095.0,1442684.0,1566464.0,157795440.0,0.0,59043.0,879710.0,35579398.0,6658769.0,112567280.0,795541.0,782384.0,3691833.0,493061.0,613051.0,674483.0,4117038.0,297557.0,340803.0,170713.0,742693.0,3144568.0,3211947.0,296688.0,2439972.0,2600307.0,1362070.0,1083770.0,1255566.0,373581565.0,0.0,0.0,5028471.0,10399232.0,1759596.0,25674568.0,2148698.0,2270004.0,3186326.0,0.0,144744.0,1302464.0,8938658.0,2370160.0,3411537.0,20707295.0,1670449.0,3161995.0,249734.0,618968575.0,1241642.0,26798872.0,680724.0,61839847.0,0.0,0.0,774318.0,3742820.0,738887.0,2189300.0,934885.0,15047061.0,6696068.0,0.0,5177807.0,0.0,135153.0,84471301.0,962358.0,462769.0,0.0,3739373.0,3148567.0,12682480.0,124475.0,178491.0,1207351.0,1815099.0,96203953.0,4445058.0,50500365.0,124533.0,376418.0,255783.0,2878517.0,11971109.0,0.0,1145110.0,0.0,0.0,12742909.0,0.0,315293.0,696031.0,2843970.0,10461968.0,1740389.0,317785.0,953650.0,1381744.0,961211.0,1460246.0,814586.0,5406471.0,228420.0,413720.0,181562.0,1830637.0,230119.0,272121.0,1983420.0,719492.0,368841.0,12736768.0,8890755.0,0.0,1208217.0,216583.0,270703.0,644528.0,8386265.0,446346.0,504507.0,1767318.0,4199478.0,772307.0,562757.0,355866.0,794113.0,2559035.0,1494179.0,16050860.0,0.0,778628.0,227610.0,149274.0,101711843.0,824093.0,424927.0,55356.0,8690032.0,3426733.0,5994950.0,3162707.0,545077.0,781080.0,512950.0,10541775.0,496915.0,442012.0,566877.0,1233571.0,56638.0,0.0,3005167.0,472145.0,15875095.0,4838980.0,1737404.0,514591.0,0.0,3229634.0,132369.0,1166667.0,4664409.0,1549126.0,0.0,1975167.0,2295443.0,0.0,2992114.0,10779977.0,4409291.0,773273.0,73119550.0,708047.0,379396.0,330607.0,272878.0,896363.0,389069.0,5521227.0,0.0,1888709.0,2434997.0,317729.0,1745298.0,297762.0,385202.0,727783.0,0.0,98125669.0,599300488.0,15697053.0,2911749.0,2251752.0,1155651.0,12951020.0,466910.0,332532.0,423698.0,0.0,1001730.0,11726465.0,1099597.0,168750531.0,239113.0,53298567.0,88653911.0,475909.0,756332.0,1065653.0,3099983.0,340050.0,1211655.0,0.0,1162394.0,796098.0,0.0,560944.0,2034970.0,0.0,574443.0,217078.0,839651.0,390669.0,9043190.0,1710494.0,8685119.0,12175002.0,0.0,20190952.0,4027553089.0,266004.0,302569.0,1043262.0,77048.0,1111791.0,343801.0,431373.0,2655064.0,4306060.0,3787224.0,26790330.0,1196091.0,0.0,3489048.0,813062.0,1620041.0,3307294.0,485598.0,0.0,1174795.0,2484641.0,0.0,436622.0,339436703.0,60578551.0,72250684.0,534374.0,446295.0,144952.0,960172.0,363079.0,488797.0,2671532.0,104507370.0,0.0,0.0,1861190.0,922069.0,23553663.0,1027597.0,1476489.0,6141516.0,306465.0,3020283.0,728000.0,9095424.0,11411025.0,22543701.0,2284440.0,1583305.0,15050016.0,1659560.0,893268.0,35812014.0,838749.0,5503672.0,536407.0,35185283.0,317609.0,42860095.0,100595071.0,9809435.0,419739877.0,44187034.0,55867824.0,1304653.0,0.0,7896862.0,3522035.0,5758652.0,701510.0,1164635.0,4142223.0,3830818.0,4108932.0,3614479.0,4831526.0,180060946.0,415852.0,600538.0,133419.0,3422215.0,497227.0,1003367.0,955685.0,3598458.0,94777.0,719514.0,9729391.0,174841.0,1350802.0,0.0,9800529.0,1806792.0,448786.0,131968.0,2066669.0,429133.0,59104647.0,6274893.0,4976279.0,456001.0,10912726.0,3934121.0,25687445.0,229991.0,0.0,43335.0,252282.0,4720950.0,1761621.0,18820665.0,2636917.0,161306.0,198977.0,226696.0,69372489.0,1208558.0,0.0,2796042.0,259562.0,1077652.0,0.0,124280.0,0.0,13935343.0,1448342.0,645859.0,495577.0,23588787.0,447073508.0,1996841.0,488832.0,882889.0,890450.0,126455.0,432638.0,2057213.0,3107049.0,1248484.0,1544595.0,136686.0,2842258.0,576214.0,3417281.0,1433014.0,2067439.0,1360496.0,880595.0,300792.0
2008-01-01,310476.0,576491.0,7160353.0,900823.0,15260502.0,11137218.0,734936.0,4518097.0,599203.0,368026.0,4748664.0,4735518.0,182367.0,12143494.0,2880561.0,1226143.0,1638650.0,1761271.0,171022506.0,0.0,59454.0,913143.0,38152155.0,7504545.0,118080779.0,874313.0,824133.0,4013148.0,539572.0,614482.0,653428.0,5217078.0,314346.0,340751.0,195435.0,747427.0,3334307.0,3208387.0,319400.0,2817180.0,2861979.0,1470666.0,1363368.0,1318658.0,392785483.0,0.0,0.0,5319775.0,11291269.0,1627586.0,28370794.0,2475635.0,2451918.0,3250001.0,0.0,173453.0,1396098.0,9766845.0,2585254.0,4087085.0,26284716.0,2143035.0,3164903.0,278306.0,650266512.0,1369700.0,25654372.0,759459.0,62614334.0,0.0,0.0,831753.0,3860645.0,1586653.0,2288948.0,1013596.0,16629953.0,7123089.0,0.0,5478372.0,0.0,181233.0,80560130.0,1016741.0,530390.0,0.0,4033068.0,3275624.0,13024458.0,124163.0,175326.0,1292297.0,1988008.0,103452042.0,5120246.0,54825503.0,162620.0,402404.0,324170.0,3244277.0,13620727.0,0.0,1101306.0,560912.0,0.0,13085521.0,0.0,351881.0,745921.0,3354974.0,12109254.0,1888819.0,344456.0,1010122.0,1675944.0,993152.0,1478399.0,490524.0,6223957.0,222660.0,363324.0,195093.0,2099762.0,252685.0,305699.0,2075191.0,775024.0,512926.0,14260821.0,9094667.0,0.0,1025146.0,221061.0,317869.0,759877.0,9355366.0,426349.0,541764.0,1821235.0,4263588.0,720131.0,766111.0,380650.0,1424691.0,2660272.0,1581902.0,17407215.0,0.0,834865.0,311793.0,97142.0,96583331.0,802358.0,359154.0,0.0,9934077.0,3688456.0,6457145.0,3378087.0,568979.0,596737.0,565277.0,11345892.0,504273.0,449265.0,544176.0,1232982.0,90209.0,0.0,3092458.0,582564.0,17820693.0,5615350.0,1800175.0,552172.0,0.0,3300762.0,126220.0,1180265.0,5028088.0,1647578.0,0.0,1709109.0,2431851.0,0.0,3233401.0,11518578.0,4300701.0,711179.0,71751083.0,812708.0,442673.0,392467.0,336740.0,897053.0,761371.0,5686999.0,0.0,1936696.0,2668590.0,300166.0,1957084.0,272227.0,405151.0,709074.0,0.0,103429275.0,609800594.0,15912157.0,2968571.0,2938711.0,1086058.0,13719008.0,528245.0,325115.0,108071.0,0.0,1097460.0,11729596.0,1021918.0,171410400.0,247236.0,53691724.0,93278956.0,533297.0,862717.0,1242487.0,3301192.0,372149.0,1217534.0,0.0,1359657.0,1000552.0,0.0,669871.0,2029481.0,0.0,755657.0,156330.0,796041.0,460418.0,9720082.0,1702912.0,9248753.0,15519852.0,0.0,21392653.0,4126249485.0,259877.0,289105.0,1191842.0,75860.0,1168693.0,408749.0,469414.0,2720909.0,5131077.0,4033321.0,26898347.0,1224184.0,0.0,3718338.0,949589.0,1603354.0,3369346.0,657150.0,0.0,1254079.0,2944581.0,185526.0,513970.0,350173272.0,66840260.0,70200641.0,562400.0,530497.0,128337.0,1114574.0,339203.0,555531.0,2873006.0,110705877.0,0.0,0.0,1946670.0,833872.0,21582027.0,1206758.0,1515566.0,7155109.0,340910.0,3236541.0,746722.0,9319933.0,11307344.0,23914217.0,2614439.0,1767530.0,16270562.0,1908852.0,965757.0,40134282.0,1044361.0,5649739.0,548137.0,39523205.0,350922.0,47052709.0,104188051.0,10140021.0,434271524.0,46651435.0,59251942.0,1485861.0,0.0,8561726.0,4023813.0,5972246.0,776311.0,1070285.0,4385108.0,4183979.0,4144674.0,3731537.0,4812004.0,193196584.0,595558.0,601998.0,249684.0,3523234.0,540898.0,1142137.0,1026304.0,2883355.0,107561.0,719138.0,11856451.0,190673.0,1578337.0,0.0,10161512.0,1427416.0,471071.0,176026.0,2373060.0,390444.0,61268731.0,6858976.0,5898051.0,430318.0,13045619.0,4351201.0,28139872.0,338397.0,0.0,51006.0,248777.0,4717296.0,1876264.0,21532756.0,2913417.0,124008.0,211651.0,248577.0,71897128.0,1341880.0,0.0,2517822.0,324270.0,1268222.0,0.0,0.0,0.0,22031163.0,1584774.0,723654.0,587436.0,26107702.0,462272640.0,2176633.0,536242.0,884689.0,1022283.0,135422.0,448906.0,2337925.0,3076234.0,1332422.0,1444081.0,0.0,3087734.0,653621.0,3431659.0,1652637.0,1616646.0,1100351.0,1020311.0,339673.0
2009-01-01,294655.0,583942.0,6519629.0,887195.0,14113060.0,12190750.0,790771.0,5872821.0,605408.0,361093.0,5284166.0,4679731.0,178819.0,12262020.0,2592944.0,1126863.0,1622783.0,11179415.0,162150708.0,0.0,51222.0,663218.0,34214084.0,7481889.0,121996092.0,875160.0,803751.0,3799779.0,535896.0,554359.0,634700.0,5809491.0,287344.0,356206.0,165974.0,701702.0,3185735.0,2927878.0,301852.0,3191304.0,3056763.0,1450186.0,1425685.0,1154925.0,379220305.0,0.0,0.0,4580096.0,10944514.0,1614372.0,26217267.0,2511619.0,2163134.0,3169579.0,0.0,172136.0,1145782.0,9951597.0,2436302.0,4078710.0,24245103.0,2464238.0,3008190.0,266368.0,632972376.0,1358617.0,22899246.0,733714.0,47816064.0,0.0,0.0,1353184.0,3435825.0,1992929.0,2012789.0,938301.0,16871765.0,5591494.0,0.0,5326960.0,0.0,189023.0,75321093.0,888284.0,527301.0,0.0,4420480.0,3400980.0,11203405.0,128066.0,151992.0,1276537.0,2142062.0,98733227.0,4725397.0,53419156.0,170609.0,1461724.0,353836.0,3198682.0,13379351.0,0.0,1036803.0,600260.0,0.0,13043118.0,0.0,317059.0,695088.0,3189661.0,11451004.0,1880168.0,398398.0,973222.0,1831284.0,1081873.0,1651443.0,1233007.0,5748265.0,200185.0,299346.0,188699.0,2140930.0,224177.0,255225.0,1837479.0,792361.0,545536.0,13976342.0,9043087.0,0.0,508019.0,310869.0,333334.0,878022.0,9370457.0,379619.0,556065.0,1423236.0,4945547.0,639416.0,876336.0,381672.0,1324273.0,2596826.0,1783108.0,16310720.0,262364.0,793141.0,314023.0,0.0,85673389.0,814486.0,367954.0,74540.0,8457895.0,3608286.0,6483440.0,3413828.0,561024.0,541541.0,575086.0,10936822.0,450634.0,370403.0,594814.0,1043421.0,0.0,0.0,2978988.0,701003.0,16156980.0,5528548.0,1584026.0,604909.0,0.0,3094986.0,113920.0,1161215.0,4741647.0,1486890.0,0.0,1539440.0,2190312.0,0.0,2948553.0,11530057.0,3890228.0,675088.0,59108017.0,974125.0,409014.0,348255.0,386332.0,981330.0,237342.0,5773021.0,0.0,1720839.0,2532462.0,269457.0,1817760.0,289095.0,494392.0,589664.0,0.0,90900145.0,581914297.0,14201836.0,2948342.0,2877606.0,795656.0,13866896.0,507748.0,286959.0,109632.0,0.0,1039402.0,11596285.0,949689.0,156144051.0,198332.0,49176182.0,89160009.0,603728.0,1195034.0,1182285.0,2976335.0,406637.0,1153028.0,0.0,1350595.0,1042490.0,0.0,675735.0,1874186.0,0.0,738870.0,263212.0,751231.0,461165.0,8721846.0,1657691.0,8960777.0,15589852.0,0.0,21790078.0,3990192330.0,144398.0,358910.0,1297681.0,68159.0,1124340.0,383082.0,423357.0,2753671.0,5123066.0,3771953.0,24213617.0,1061149.0,0.0,3662634.0,980284.0,2006182.0,3487510.0,847301.0,0.0,1244328.0,2847385.0,167955.0,513043.0,339732408.0,73265784.0,69254578.0,568883.0,533644.0,112952.0,1215446.0,335262.0,568897.0,2763367.0,106867183.0,0.0,0.0,1488652.0,830584.0,18042523.0,952950.0,1428327.0,7900347.0,303954.0,3135261.0,734828.0,7873810.0,9974840.0,23572582.0,2493793.0,1624368.0,17024627.0,1694361.0,963040.0,39089662.0,1038394.0,4687723.0,392763.0,37965873.0,353667.0,43121820.0,96623706.0,9178665.0,438117376.0,44359538.0,61221976.0,1456095.0,0.0,8204469.0,4103456.0,5939805.0,866123.0,1123055.0,3922718.0,4223849.0,3817717.0,3580744.0,4232262.0,188380030.0,690190.0,522836.0,208653.0,3108179.0,498704.0,1171252.0,1054187.0,2545273.0,107516.0,686620.0,11883888.0,146744.0,1659061.0,0.0,9924492.0,1435776.0,328802.0,173947.0,2352651.0,359704.0,49995569.0,7071214.0,5194587.0,326776.0,12902376.0,4290114.0,25802819.0,298722.0,0.0,83326.0,263032.0,4234294.0,1413372.0,21354709.0,2836121.0,115474.0,211294.0,240238.0,71601043.0,1347943.0,0.0,2202421.0,399689.0,1378280.0,0.0,0.0,0.0,15897030.0,1525273.0,654996.0,564093.0,27042232.0,458408461.0,2015399.0,537628.0,822261.0,986676.0,150145.0,420536.0,2251895.0,2785159.0,1268602.0,1325195.0,0.0,2911924.0,533774.0,3416221.0,1517042.0,1528822.0,1278300.0,1063106.0,361678.0
2010-01-01,292937.0,560738.0,6576049.0,912560.0,13808696.0,12931265.0,727927.0,5501984.0,724819.0,369116.0,5368765.0,4685789.0,175755.0,12250272.0,2443061.0,1158857.0,1510466.0,11151141.0,153685832.0,0.0,54747.0,635058.0,33860685.0,7039313.0,122984880.0,887164.0,982566.0,3588642.0,547059.0,583576.0,601310.0,5116869.0,279548.0,404824.0,177942.0,670086.0,3090832.0,2593347.0,299442.0,3374499.0,3265274.0,1740136.0,1422229.0,1219679.0,371663078.0,0.0,100317.0,3890292.0,11332166.0,1486782.0,27413113.0,2513246.0,2107846.0,3175855.0,0.0,184391.0,1196489.0,10415480.0,2523924.0,4263572.0,25407810.0,2542667.0,3100519.0,244000.0,627936054.0,1339735.0,20219321.0,757578.0,45343309.0,84888.0,557004.0,1362220.0,2846071.0,2102776.0,1936588.0,1090167.0,17273168.0,5168251.0,0.0,5434362.0,777390.0,178806.0,72296174.0,881463.0,564628.0,0.0,4787148.0,3534326.0,10115990.0,143726.0,153651.0,1298050.0,2373397.0,97491055.0,4261909.0,50447521.0,199361.0,1539031.0,392682.0,3196677.0,13962242.0,0.0,975533.0,650501.0,0.0,15074133.0,0.0,308777.0,691383.0,3284096.0,11411927.0,2018628.0,403936.0,913481.0,2060757.0,1298293.0,1888630.0,1024162.0,5886093.0,191351.0,346817.0,194832.0,2469524.0,240341.0,260447.0,1931933.0,799540.0,507361.0,13132837.0,9481298.0,170649.0,631013.0,325111.0,347855.0,984709.0,9770081.0,390782.0,516267.0,1438219.0,5301727.0,741039.0,961413.0,374763.0,1536712.0,2823226.0,1973274.0,16763076.0,246671.0,834368.0,357384.0,0.0,81206219.0,826563.0,354576.0,79472.0,8757751.0,3884065.0,6535993.0,3640207.0,613088.0,523144.0,604207.0,11802138.0,423043.0,325824.0,617166.0,1272414.0,0.0,0.0,2677339.0,770470.0,15831527.0,5058664.0,1665459.0,669138.0,0.0,2815616.0,167640.0,1194773.0,4946242.0,1449687.0,0.0,1590911.0,2159670.0,0.0,2783503.0,11346910.0,3306651.0,670351.0,56272247.0,2912495.0,413859.0,359490.0,425304.0,970950.0,316699.0,6520562.0,0.0,1866748.0,2542057.0,202295.0,1924728.0,290381.0,449313.0,107236.0,0.0,83153075.0,577996598.0,13999500.0,3675898.0,2701857.0,769831.0,13878742.0,468552.0,264767.0,117409.0,77028.0,1067732.0,11228824.0,994689.0,153755760.0,210457.0,46807226.0,91289528.0,575372.0,1210003.0,1189323.0,3084191.0,368344.0,1181738.0,0.0,1312097.0,997066.0,0.0,715483.0,1911372.0,195935.0,810241.0,690359.0,672266.0,485033.0,8537485.0,1877424.0,9020809.0,17914181.0,0.0,21569276.0,4062398504.0,126582.0,355560.0,1140490.0,64559.0,1131355.0,0.0,499712.0,2813755.0,5104344.0,3857648.0,26281263.0,1017341.0,0.0,3509270.0,985796.0,2256476.0,3566454.0,917527.0,373767.0,1231613.0,2928970.0,199608.0,545033.0,352731451.0,69032633.0,66783299.0,600790.0,527733.0,135953.0,1304766.0,331172.0,456956.0,2987613.0,111522109.0,549933.0,0.0,1769473.0,1011698.0,18266659.0,1002603.0,1455028.0,8437751.0,331520.0,3234526.0,710575.0,7799399.0,10686421.0,22883306.0,2426867.0,1561273.0,17010422.0,1689175.0,966017.0,33434987.0,1018888.0,4630436.0,368854.0,39040703.0,358607.0,43218468.0,95538424.0,9126556.0,406183903.0,42077520.0,63690019.0,1617881.0,0.0,7714293.0,3902176.0,5759251.0,930136.0,1307033.0,4254207.0,3418932.0,3953436.0,3428877.0,4432652.0,188602621.0,840283.0,505039.0,269141.0,3216924.0,524333.0,1207981.0,1070994.0,2153599.0,118675.0,782384.0,11445060.0,100198.0,1674581.0,0.0,10248362.0,1415465.0,290392.0,201351.0,2410691.0,368230.0,43918066.0,7072844.0,4722830.0,328552.0,11686397.0,4933682.0,27728931.0,292191.0,0.0,150779.0,258018.0,3518910.0,1192746.0,20190229.0,2643609.0,111502.0,254364.0,267156.0,72277873.0,1315156.0,377005.0,2056946.0,423394.0,1538579.0,0.0,0.0,0.0,16021888.0,1562754.0,769175.0,644619.0,28656376.0,443552849.0,2030781.0,550126.0,802796.0,1026804.0,148806.0,402035.0,2287905.0,2842400.0,1330152.0,1497244.0,0.0,3134450.0,581386.0,3582025.0,1477160.0,1634933.0,1510696.0,1078785.0,322446.0
2011-01-01,338262.0,576061.0,6851181.0,996223.0,14452271.0,13871059.0,669720.0,5999551.0,701090.0,409375.0,5607884.0,4723682.0,185921.0,13192518.0,2570257.0,1263073.0,1503941.0,11623795.0,146444631.0,209975.0,94890.0,741952.0,33999725.0,7070323.0,119226847.0,949853.0,958364.0,3557355.0,562670.0,590423.0,583897.0,5351920.0,244097.0,466430.0,198869.0,675885.0,2849569.0,2743094.0,293255.0,3382046.0,3411327.0,1971798.0,1441327.0,1295998.0,398410434.0,0.0,118223.0,3934069.0,11566653.0,1763968.0,30533342.0,2665309.0,2437458.0,3475077.0,0.0,199576.0,1260417.0,10840880.0,2684496.0,4516781.0,27753007.0,2721229.0,3153385.0,242162.0,646581286.0,1346627.0,20678188.0,834860.0,46963477.0,101471.0,577785.0,1417939.0,3012784.0,2229583.0,1821192.0,1135762.0,19023293.0,5238120.0,0.0,6011114.0,1047228.0,198640.0,76573289.0,947330.0,630967.0,0.0,5108509.0,3667545.0,10620442.0,168710.0,162043.0,1341783.0,2792836.0,98109044.0,4410113.0,49589624.0,209413.0,1649133.0,414186.0,3289764.0,15039411.0,0.0,1105317.0,0.0,682441.0,16458093.0,170677.0,387540.0,700072.0,3516709.0,11719233.0,2051501.0,426956.0,974917.0,2164457.0,1570930.0,2019839.0,1468378.0,6282962.0,146594.0,380929.0,214546.0,2619992.0,243519.0,268166.0,2008853.0,873513.0,268053.0,11635673.0,10223212.0,241425.0,655638.0,340967.0,389958.0,1045898.0,11031905.0,441303.0,505912.0,1606617.0,5716142.0,785151.0,1048837.0,414702.0,2382596.0,2939371.0,2321175.0,17333692.0,261781.0,887203.0,425458.0,0.0,81928229.0,906432.0,380726.0,134859.0,9510669.0,4404280.0,6938415.0,4015076.0,615784.0,593607.0,661849.0,12935662.0,459557.0,364201.0,691558.0,1321369.0,0.0,0.0,2778000.0,873688.0,16791876.0,4950911.0,1618500.0,826942.0,0.0,3040370.0,329663.0,1255426.0,5327744.0,1507725.0,0.0,1416514.0,2234600.0,0.0,3052721.0,11982898.0,3176360.0,711895.0,59080277.0,2819469.0,441238.0,371637.0,452035.0,1016035.0,583045.0,5441847.0,0.0,2008059.0,2750455.0,216862.0,2090567.0,211893.0,450722.0,88922.0,0.0,81287005.0,583824961.0,14664909.0,3775455.0,2540402.0,881569.0,15065793.0,446047.0,276964.0,127938.0,69558.0,1143815.0,10027589.0,1023032.0,163265369.0,219596.0,47336788.0,94536995.0,666862.0,1353289.0,1185839.0,3564584.0,334504.0,1208279.0,0.0,1199363.0,1226488.0,0.0,789069.0,1950100.0,278444.0,876493.0,819113.0,712668.0,502360.0,9829411.0,1831956.0,9290214.0,19929466.0,0.0,22434617.0,4092019649.0,174079.0,418593.0,948381.0,63466.0,1209175.0,112164.0,502435.0,2798032.0,5338850.0,4127592.0,28487964.0,1029812.0,0.0,3464457.0,1046099.0,2545203.0,3740824.0,975220.0,438440.0,1415163.0,3144589.0,271692.0,566759.0,357943887.0,71771937.0,65354370.0,628996.0,466564.0,134451.0,1427772.0,307967.0,482174.0,3011789.0,113356460.0,604143.0,0.0,1720671.0,1091159.0,19123448.0,1101550.0,1581824.0,9364211.0,389970.0,3336055.0,767210.0,8178188.0,10118295.0,24481535.0,2377691.0,1685743.0,21226861.0,1802036.0,1014181.0,31359309.0,1082328.0,4269074.0,405849.0,41558034.0,381466.0,46146794.0,101886010.0,9408154.0,417747729.0,43170314.0,58979376.0,1869441.0,0.0,7906016.0,3622765.0,5687138.0,1014260.0,1201079.0,4432399.0,4762351.0,4388542.0,3275478.0,4481785.0,192558020.0,1032725.0,525098.0,299951.0,3353950.0,465282.0,1265787.0,1137639.0,2255929.0,135342.0,754647.0,11546095.0,91995.0,1844944.0,0.0,10754784.0,1556833.0,309680.0,229736.0,2438309.0,408212.0,47460787.0,7200694.0,5055564.0,319282.0,11419998.0,4781364.0,29367573.0,343152.0,0.0,196734.0,270738.0,3274365.0,1263560.0,20563352.0,2748780.0,110834.0,293894.0,319468.0,72235802.0,1317444.0,413815.0,2818541.0,485656.0,1803983.0,188795.0,96169.0,255101.0,17445056.0,1751232.0,902938.0,749240.0,30980411.0,452630477.0,2162865.0,541706.0,797578.0,1033844.0,158159.0,411850.0,2407041.0,2786233.0,1374073.0,1622319.0,0.0,3518603.0,626245.0,3799789.0,1621275.0,1866002.0,1587751.0,1180428.0,273513.0
2012-01-01,365297.0,0.0,7004613.0,1028041.0,15498594.0,14442450.0,0.0,5217405.0,700371.0,423483.0,5794021.0,4699812.0,204222.0,14070691.0,2713625.0,1275174.0,1492705.0,12975237.0,140060694.0,129861.0,0.0,737997.0,36656877.0,6887388.0,109060484.0,0.0,1061133.0,3681861.0,0.0,627560.0,604187.0,6102082.0,0.0,343119.0,0.0,667604.0,2558138.0,2990318.0,309188.0,3551306.0,3430702.0,2110309.0,1483711.0,1320628.0,408892715.0,0.0,0.0,3851825.0,12115204.0,1853725.0,29937233.0,2756971.0,2658900.0,4020837.0,286373.0,0.0,1282973.0,11381202.0,2835167.0,4932096.0,28610111.0,332810.0,3313387.0,0.0,664138450.0,1491075.0,21445476.0,901100.0,49114866.0,0.0,0.0,1464736.0,2930482.0,1945835.0,1490205.0,0.0,18692312.0,5139509.0,0.0,6054785.0,1178258.0,0.0,80607131.0,975085.0,651268.0,0.0,5127403.0,3789313.0,10291633.0,84250.0,0.0,1434588.0,3020962.0,98715849.0,4544584.0,46478977.0,181844.0,1642002.0,0.0,3288180.0,15615050.0,0.0,1062891.0,0.0,658312.0,15555573.0,178195.0,431974.0,0.0,3700837.0,11893968.0,2088715.0,474502.0,1025151.0,2101109.0,1763080.0,297010.0,1832162.0,6194528.0,100607.0,419979.0,221623.0,2713039.0,263897.0,262842.0,2105011.0,892903.0,0.0,11917850.0,10809471.0,233844.0,732805.0,0.0,426449.0,1028532.0,12277714.0,452824.0,527398.0,1584434.0,5877230.0,836233.0,1103814.0,0.0,4336956.0,2828288.0,2633829.0,18120903.0,261343.0,0.0,453192.0,0.0,82222674.0,907587.0,517620.0,0.0,10243472.0,4656069.0,7071989.0,4202974.0,584623.0,706369.0,656156.0,12549430.0,493899.0,0.0,0.0,1340951.0,0.0,3043335.0,3034038.0,930776.0,17188826.0,4683142.0,1550435.0,936704.0,0.0,3619417.0,365024.0,1224245.0,5281590.0,1481324.0,0.0,1250430.0,2223946.0,0.0,3292526.0,11808281.0,3271282.0,0.0,65867022.0,2806986.0,0.0,340753.0,466756.0,1087684.0,0.0,5184513.0,367885.0,2068992.0,2996279.0,210668.0,2130397.0,127571.0,443066.0,0.0,0.0,80469513.0,599462886.0,17162261.0,3847872.0,2358291.0,996846.0,14854632.0,230013.0,0.0,0.0,54394.0,1415209.0,10267289.0,1003055.0,168182276.0,0.0,47496729.0,94674484.0,697250.0,1356459.0,1227398.0,3600742.0,348268.0,0.0,0.0,973371.0,1363463.0,133365.0,874802.0,1932157.0,0.0,0.0,1024660.0,590418.0,528776.0,10500166.0,1962452.0,9837572.0,27349044.0,0.0,22925976.0,4155201233.0,134669.0,288130.0,0.0,33068.0,1246474.0,441100.0,459064.0,2943038.0,5462227.0,4356919.0,29530845.0,1089248.0,0.0,3599412.0,1075820.0,2714554.0,3931756.0,986033.0,0.0,1579966.0,3487349.0,317423.0,598981.0,370855814.0,75430954.0,67409759.0,571570.0,0.0,0.0,1525967.0,353423.0,0.0,3126116.0,113365176.0,0.0,271903.0,1758230.0,1164094.0,20185001.0,1134953.0,1460121.0,6928906.0,0.0,3424580.0,840792.0,8345733.0,9457842.0,25566294.0,2486743.0,1777574.0,21043313.0,1925719.0,1053720.0,31087015.0,1003281.0,3960274.0,422815.0,42347333.0,412255.0,47507874.0,102030655.0,9010476.0,431206081.0,43740992.0,54481307.0,2135153.0,0.0,7954946.0,3692383.0,5348468.0,1078106.0,1133317.0,4359682.0,4820352.0,4516958.0,3031163.0,4280349.0,196621419.0,1121295.0,522738.0,376585.0,3417285.0,0.0,1126674.0,1173005.0,2304685.0,143192.0,146703.0,11771348.0,0.0,1898016.0,0.0,11402320.0,1603072.0,0.0,192950.0,2378402.0,0.0,50287454.0,7163376.0,4965805.0,299544.0,10665390.0,4786792.0,30511326.0,379597.0,0.0,233546.0,257115.0,3414827.0,1178306.0,20837508.0,3078209.0,117528.0,0.0,307265.0,72470645.0,1233392.0,0.0,1753490.0,552324.0,1922902.0,166126.0,89031.0,181283.0,18839204.0,1826111.0,966799.0,759013.0,31682850.0,446921853.0,2713421.0,571699.0,634730.0,925156.0,61544.0,432684.0,2244523.0,2606312.0,1386863.0,1630965.0,0.0,3557395.0,640312.0,3579635.0,1698746.0,2142084.0,1635498.0,1199297.0,356376.0
2013-01-01,369886.0,0.0,6975290.0,1030081.0,16359203.0,14448261.0,0.0,5486037.0,672320.0,413963.0,6268751.0,4583881.0,0.0,14050177.0,2889520.0,1274094.0,1528450.0,12803672.0,139350019.0,115574.0,0.0,763752.0,35812971.0,6013187.0,112656557.0,0.0,1211264.0,3826713.0,0.0,594422.0,570152.0,5922120.0,0.0,650522.0,0.0,668842.0,2346712.0,3326333.0,296048.0,3650331.0,3485063.0,2309012.0,1498569.0,1436488.0,408159239.0,0.0,0.0,3928293.0,12290448.0,1749449.0,26949004.0,2757425.0,2691030.0,4222649.0,623736.0,0.0,1296637.0,12663520.0,2820867.0,4867779.0,29348702.0,301262.0,3063456.0,0.0,647713736.0,1508086.0,21016425.0,806175.0,50067320.0,0.0,0.0,1372726.0,2991715.0,1848203.0,1453976.0,0.0,18916641.0,5216514.0,0.0,6016375.0,1162611.0,0.0,79112122.0,920992.0,315594.0,0.0,3786767.0,3898584.0,9959865.0,0.0,0.0,1473671.0,2937359.0,101554203.0,4596629.0,42177605.0,165413.0,1549359.0,0.0,3220810.0,15698939.0,164360.0,1072024.0,0.0,804783.0,12852245.0,142612.0,489510.0,0.0,3649406.0,11711601.0,1926472.0,0.0,1097462.0,2195913.0,1689120.0,280376.0,1882716.0,6212607.0,92826.0,159816.0,0.0,2621116.0,68825.0,273593.0,2029818.0,868454.0,0.0,11614782.0,10875363.0,167731.0,0.0,0.0,416851.0,990575.0,12536776.0,475189.0,551146.0,1539293.0,5618444.0,936177.0,1130289.0,0.0,2774128.0,2876963.0,2823358.0,18441663.0,219961.0,0.0,478195.0,0.0,84550978.0,935359.0,563028.0,0.0,10525948.0,4702712.0,7224283.0,4459919.0,566107.0,719550.0,625776.0,12664444.0,510646.0,0.0,0.0,1319919.0,0.0,2804042.0,3134204.0,964422.0,16817468.0,4117396.0,1319931.0,973928.0,0.0,3482604.0,454805.0,1229410.0,5459000.0,1462456.0,0.0,1386194.0,2204778.0,0.0,3587786.0,11747408.0,3265215.0,0.0,64866906.0,2977251.0,0.0,353510.0,462571.0,1189813.0,0.0,5111087.0,333129.0,2445632.0,2932319.0,223838.0,2006925.0,324968.0,419123.0,0.0,0.0,78694570.0,606057719.0,15549555.0,3935418.0,2414968.0,514071.0,15001760.0,0.0,0.0,0.0,0.0,1474007.0,10177179.0,932726.0,171404967.0,0.0,44239967.0,95090230.0,686018.0,1325684.0,1356863.0,3796515.0,336678.0,0.0,0.0,953915.0,2408935.0,127831.0,936815.0,1910630.0,121337.0,0.0,709328.0,778242.0,510833.0,10495887.0,2239511.0,9855615.0,26850055.0,0.0,21195134.0,4260629019.0,179875.0,146134.0,0.0,139884.0,1161400.0,443479.0,327150.0,2906532.0,5352394.0,4307167.0,30005027.0,1007788.0,0.0,3783591.0,1040594.0,2911099.0,4056608.0,912582.0,0.0,1585855.0,3373418.0,369390.0,836023.0,378791888.0,75649367.0,65960061.0,590675.0,0.0,0.0,1531739.0,344159.0,0.0,3072490.0,111178005.0,0.0,257345.0,1540068.0,1202161.0,20425175.0,1052015.0,1395324.0,6748227.0,0.0,3476086.0,890505.0,8485328.0,9068072.0,25442926.0,2459020.0,1753139.0,18310855.0,1900786.0,1079010.0,31048934.0,916290.0,3931709.0,432659.0,44265378.0,376769.0,45341036.0,103523393.0,9042959.0,434371107.0,44420956.0,50951082.0,2203108.0,0.0,7725736.0,3586392.0,5591143.0,1118827.0,924785.0,3979572.0,4922402.0,4380904.0,2643106.0,4142439.0,201576037.0,1085918.0,562752.0,498441.0,3321974.0,0.0,1108788.0,1165761.0,2296907.0,0.0,138354.0,11816789.0,0.0,1865143.0,0.0,11795149.0,1520941.0,0.0,0.0,2373191.0,0.0,50533517.0,7475828.0,5388557.0,249837.0,10353661.0,4410967.0,30985203.0,409793.0,0.0,293202.0,0.0,3449138.0,1251641.0,20706526.0,3224702.0,120260.0,0.0,320173.0,69946425.0,1250400.0,0.0,1435351.0,503007.0,2263401.0,135673.0,81722.0,26471.0,18301129.0,2248030.0,1026718.0,761153.0,31606937.0,443422426.0,2734869.0,294416.0,675613.0,947335.0,0.0,446681.0,2152782.0,2532217.0,1335552.0,1538898.0,0.0,3476155.0,555279.0,3799932.0,1419269.0,2033922.0,1733600.0,1256834.0,427030.0
2014-01-01,164883.0,0.0,6985602.0,897899.0,16907694.0,14363837.0,0.0,5455309.0,622478.0,302181.0,6795333.0,4468841.0,0.0,14044946.0,2984143.0,1271282.0,1605650.0,12665438.0,142012244.0,111634.0,0.0,811695.0,33951336.0,5649893.0,117414684.0,0.0,1207930.0,3988286.0,0.0,558572.0,563698.0,6190270.0,0.0,612845.0,0.0,642628.0,2452455.0,3417469.0,0.0,3667133.0,3539581.0,2721922.0,1466710.0,1253941.0,422376134.0,0.0,0.0,3808278.0,12297460.0,1728502.0,26286262.0,2618172.0,2804447.0,4070448.0,651053.0,0.0,1372230.0,13620869.0,2762441.0,5025301.0,28631673.0,324476.0,3075463.0,0.0,632405070.0,1538990.0,20992392.0,355600.0,50070717.0,0.0,0.0,1288968.0,3265861.0,2314233.0,1794114.0,0.0,19483198.0,5315131.0,0.0,5926771.0,1166321.0,0.0,81060579.0,897626.0,0.0,0.0,3689261.0,3990691.0,10937741.0,0.0,0.0,1525652.0,3007901.0,104489114.0,4769372.0,38258025.0,153750.0,1435937.0,0.0,3128332.0,15502377.0,329903.0,1043917.0,0.0,909359.0,13237352.0,181481.0,488031.0,0.0,3442453.0,11506805.0,2117039.0,0.0,1098530.0,2273808.0,1659616.0,302821.0,1901069.0,5506117.0,92568.0,0.0,0.0,2925775.0,0.0,241280.0,2051011.0,798062.0,0.0,11114385.0,10849268.0,85393.0,0.0,0.0,401008.0,919223.0,12502904.0,473441.0,0.0,1484741.0,5354242.0,1026461.0,986093.0,0.0,2798756.0,2879322.0,2834230.0,18353493.0,216263.0,0.0,484424.0,0.0,86253694.0,928451.0,679868.0,0.0,10575166.0,4923104.0,7256102.0,4363855.0,610311.0,653662.0,604092.0,12766307.0,0.0,0.0,0.0,1261523.0,0.0,2798585.0,3169253.0,980180.0,16927095.0,4148158.0,1325020.0,948061.0,0.0,3050834.0,559518.0,1223182.0,5274218.0,1342212.0,0.0,1610827.0,2242653.0,0.0,3676376.0,11537415.0,3253332.0,0.0,68801302.0,3101589.0,0.0,368815.0,460567.0,1183518.0,0.0,4578329.0,0.0,2479512.0,2914502.0,271855.0,1971207.0,159809.0,451696.0,0.0,0.0,75742352.0,594855195.0,15254479.0,4025126.0,2785379.0,0.0,15492317.0,6453.0,0.0,0.0,0.0,1460196.0,8623955.0,953003.0,169275856.0,0.0,43069164.0,98984171.0,776918.0,1327250.0,1259446.0,3784471.0,341095.0,0.0,0.0,935649.0,2299875.0,0.0,1026038.0,1922640.0,0.0,0.0,418303.0,932473.0,528304.0,10666409.0,2558549.0,9826150.0,23119328.0,0.0,22559955.0,4359954682.0,165738.0,0.0,0.0,119121.0,1183803.0,454098.0,0.0,3035271.0,5376910.0,4163849.0,30722127.0,1000760.0,0.0,3946780.0,984780.0,2938196.0,4000559.0,771647.0,0.0,1566584.0,3578116.0,389973.0,1338826.0,366098705.0,74631888.0,67099136.0,597282.0,0.0,0.0,1580043.0,335661.0,0.0,2986669.0,114697474.0,0.0,242686.0,1235798.0,1193681.0,19804505.0,1064103.0,1474670.0,8121159.0,0.0,3420879.0,862615.0,8660511.0,9279365.0,25095324.0,2432779.0,1709824.0,17219532.0,1862883.0,1067810.0,30594606.0,1048543.0,4029478.0,388006.0,46279544.0,298192.0,43216240.0,111155177.0,7463106.0,458102467.0,44847517.0,47439610.0,2275049.0,0.0,7569138.0,3516731.0,5692203.0,1133229.0,915358.0,3601569.0,4952510.0,4521193.0,2614692.0,4268871.0,207660100.0,1156651.0,575864.0,525634.0,3223872.0,0.0,1125997.0,1087744.0,2189386.0,0.0,107561.0,12045936.0,0.0,1973902.0,0.0,12189932.0,1757830.0,0.0,0.0,2313455.0,0.0,50825655.0,7576492.0,5604749.0,214744.0,10673086.0,4291927.0,31479610.0,426606.0,0.0,347001.0,0.0,3225124.0,1273484.0,20971205.0,3227431.0,119494.0,0.0,304019.0,69042480.0,1316285.0,0.0,1464863.0,235520.0,2614655.0,130227.0,77283.0,0.0,17131571.0,2206811.0,1120755.0,823404.0,33461103.0,438074499.0,2897457.0,0.0,0.0,1042630.0,0.0,447365.0,2125185.0,2480133.0,1320982.0,1534818.0,0.0,3490137.0,313171.0,4060562.0,1295226.0,1933667.0,1850442.0,1294862.0,481202.0
2015-01-01,0.0,0.0,6861468.0,709604.0,16898083.0,13132830.0,0.0,5330836.0,593250.0,0.0,6720599.0,4206851.0,0.0,13612631.0,2839850.0,1249880.0,1965675.0,12131332.0,142948895.0,113254.0,0.0,809508.0,34173055.0,5756420.0,115634307.0,0.0,5195589.0,4081960.0,0.0,546363.0,533280.0,5200826.0,0.0,645935.0,0.0,576294.0,2366948.0,3316312.0,0.0,3645972.0,3527733.0,2603322.0,1417117.0,1153440.0,407060829.0,0.0,0.0,3813354.0,11920365.0,1530203.0,28288615.0,2652297.0,2694667.0,3734276.0,658218.0,0.0,1408635.0,13114557.0,2239830.0,4838031.0,26536842.0,312476.0,3086520.0,0.0,630853686.0,1460271.0,20445223.0,0.0,47841764.0,0.0,0.0,572566.0,3288722.0,1525801.0,2320695.0,0.0,19360124.0,5518672.0,636471.0,5764707.0,1179155.0,0.0,78428006.0,864499.0,0.0,136404.0,3699901.0,4006474.0,10569469.0,0.0,0.0,1386407.0,3104442.0,102479122.0,4766674.0,38390714.0,142499.0,1822533.0,0.0,3081885.0,14896841.0,313364.0,940074.0,0.0,896743.0,13271797.0,152761.0,453125.0,0.0,3391201.0,10746429.0,2025495.0,0.0,1076981.0,2148786.0,1608247.0,317448.0,1900917.0,5383322.0,92520.0,0.0,0.0,3548805.0,0.0,229455.0,1969599.0,721019.0,0.0,11290622.0,10119105.0,0.0,0.0,0.0,391400.0,831608.0,11758807.0,454637.0,0.0,1444464.0,5060681.0,1881780.0,867117.0,0.0,3033476.0,2649058.0,2796410.0,18410362.0,222907.0,0.0,449078.0,0.0,87726881.0,940688.0,694300.0,0.0,9951627.0,4684364.0,7027144.0,4247621.0,565930.0,586769.0,583680.0,13522953.0,0.0,0.0,0.0,1253383.0,0.0,2712421.0,2936975.0,961614.0,16003534.0,3956125.0,1316838.0,910428.0,0.0,3073895.0,490790.0,1128992.0,4984644.0,1477981.0,348121.0,1383500.0,2214215.0,0.0,3327541.0,11196568.0,3096106.0,0.0,73306211.0,2992970.0,0.0,386070.0,428847.0,1151008.0,51850.0,3979488.0,0.0,2360319.0,2743365.0,282332.0,1875884.0,0.0,484994.0,0.0,0.0,71291257.0,561927702.0,14556035.0,3909130.0,2417816.0,0.0,14632229.0,0.0,0.0,499318.0,0.0,1195149.0,7949972.0,915046.0,160270008.0,0.0,41270601.0,98993037.0,944547.0,1786443.0,1199527.0,3523592.0,310286.0,0.0,0.0,843891.0,2335375.0,0.0,1002069.0,1843074.0,0.0,0.0,193514.0,1090697.0,502485.0,10718606.0,2729006.0,9312073.0,22592396.0,0.0,22994802.0,4241751673.0,148771.0,0.0,0.0,100314.0,1119773.0,423795.0,0.0,3233187.0,5134592.0,3893230.0,29772953.0,990439.0,83105.0,3976292.0,922280.0,2881056.0,3764599.0,734261.0,0.0,1550266.0,3396984.0,390997.0,1374925.0,371225556.0,71618936.0,66218980.0,578205.0,0.0,0.0,1523231.0,334777.0,0.0,3068251.0,113808600.0,0.0,250453.0,1248817.0,1134986.0,18133557.0,993404.0,1364551.0,9170217.0,0.0,3186537.0,741407.0,8406731.0,9217631.0,23300387.0,2329180.0,1746642.0,17033157.0,1811607.0,1110249.0,28951323.0,923945.0,3843277.0,352599.0,46721584.0,307710.0,39607457.0,110066973.0,6177681.0,455555017.0,45423203.0,40738154.0,2277255.0,0.0,7189978.0,3288775.0,5719461.0,1104075.0,899971.0,3429069.0,4724574.0,4398463.0,2576386.0,4370222.0,210246131.0,1171478.0,573257.0,263831.0,2862280.0,0.0,1090233.0,1006502.0,1940020.0,0.0,140895.0,11498777.0,0.0,1906784.0,0.0,13011466.0,1518551.0,0.0,0.0,2186709.0,0.0,48033314.0,7430045.0,5583998.0,187206.0,10915933.0,3767648.0,31008501.0,396189.0,0.0,335444.0,0.0,3092995.0,1224400.0,18349214.0,3080904.0,117888.0,0.0,283209.0,69783000.0,319818.0,0.0,1536072.0,0.0,2725112.0,0.0,75198.0,0.0,15695498.0,2084258.0,1095910.0,933996.0,35550239.0,419167147.0,2803019.0,0.0,0.0,1063333.0,0.0,410739.0,2123939.0,2576598.0,1299575.0,1497466.0,0.0,3297138.0,180362.0,4101322.0,1268127.0,2003483.0,1774869.0,1261260.0,480263.0
2016-01-01,0.0,0.0,6468152.0,669179.0,16842078.0,12165845.0,0.0,5221879.0,589539.0,0.0,6724467.0,4005042.0,0.0,13797941.0,2577582.0,1191766.0,2302931.0,7384004.0,135051428.0,111801.0,0.0,794501.0,29971800.0,5357016.0,111887188.0,0.0,5612734.0,3812160.0,0.0,540226.0,472641.0,4968178.0,0.0,694561.0,0.0,542247.0,2154516.0,3078782.0,0.0,3592255.0,3479863.0,2304865.0,1465598.0,1058006.0,400922832.0,0.0,0.0,3549994.0,11150715.0,1527817.0,26791407.0,2436587.0,2512635.0,3428452.0,708951.0,0.0,1275361.0,12428560.0,1705614.0,3889860.0,25742147.0,322629.0,3015631.0,0.0,610510341.0,1370915.0,19678778.0,0.0,45060966.0,0.0,0.0,471896.0,3372415.0,1484500.0,2482178.0,0.0,18990230.0,5426006.0,682523.0,5456925.0,1145508.0,0.0,74470597.0,826638.0,0.0,385065.0,3478222.0,3986149.0,10205597.0,0.0,41912.0,1260965.0,3192746.0,103567798.0,4679828.0,38905228.0,112701.0,1140854.0,0.0,2835047.0,14149383.0,323862.0,937560.0,0.0,830628.0,12879943.0,161703.0,453637.0,0.0,3020904.0,10718060.0,1810837.0,0.0,1027190.0,1994263.0,1548583.0,319060.0,2038537.0,5242305.0,96712.0,0.0,0.0,4329439.0,0.0,229229.0,1869566.0,660136.0,0.0,10208051.0,9608877.0,0.0,0.0,0.0,366355.0,0.0,11282731.0,444955.0,0.0,1368244.0,4725404.0,2649768.0,999923.0,0.0,3401232.0,2436708.0,2705309.0,18859104.0,232201.0,0.0,415553.0,0.0,89495225.0,896965.0,710884.0,0.0,9494784.0,4409958.0,6395649.0,4080323.0,543285.0,492449.0,524802.0,13291127.0,0.0,0.0,0.0,1208548.0,0.0,2498259.0,2808685.0,892781.0,16175284.0,3632286.0,1326371.0,880561.0,0.0,2938679.0,503578.0,1059472.0,4794873.0,1604734.0,786671.0,1354034.0,1057325.0,2652867.0,2853939.0,10602058.0,3042332.0,0.0,70689800.0,3367113.0,0.0,377750.0,420486.0,1033103.0,228950.0,4158071.0,0.0,2273369.0,2651707.0,141462.0,1712623.0,0.0,447099.0,0.0,0.0,65181211.0,525530648.0,13603438.0,3784412.0,2095458.0,0.0,13584517.0,0.0,0.0,525282.0,0.0,1130002.0,7460582.0,853013.0,145429399.0,0.0,42176687.0,96212377.0,1014636.0,1943301.0,1056283.0,3059449.0,305458.0,0.0,207848.0,767302.0,2083575.0,0.0,877448.0,1613032.0,0.0,0.0,0.0,1180261.0,496904.0,10415299.0,2760066.0,8608649.0,22738942.0,0.0,23925915.0,4265976442.0,132773.0,0.0,0.0,125770.0,1068659.0,433961.0,0.0,3213213.0,4889081.0,3733216.0,27817633.0,995697.0,188891.0,3800784.0,866814.0,2680147.0,3590486.0,724949.0,0.0,1533954.0,2945283.0,373655.0,1492160.0,355848762.0,69613639.0,65758423.0,546209.0,0.0,0.0,1527933.0,345407.0,0.0,3390452.0,113316984.0,0.0,252221.0,1263983.0,1072833.0,17370952.0,903046.0,1257983.0,8976332.0,0.0,1501830.0,720856.0,7953442.0,9107716.0,21154584.0,2255565.0,1755566.0,15983262.0,1736812.0,1164297.0,26882824.0,656907.0,3540288.0,373003.0,45521914.0,310185.0,38753953.0,103074056.0,5871642.0,457418179.0,41332507.0,33561137.0,2272765.0,1457675.0,6567908.0,3015457.0,5434224.0,1025814.0,785112.0,3272435.0,4436750.0,4059880.0,2524279.0,4452812.0,219042567.0,1195786.0,562092.0,26545.0,2691118.0,0.0,989441.0,950851.0,1741129.0,0.0,140718.0,10922108.0,0.0,1790667.0,0.0,12573609.0,1420971.0,0.0,0.0,2080185.0,0.0,44734959.0,7227042.0,5072342.0,154461.0,10817355.0,3769872.0,28343104.0,339507.0,0.0,317571.0,0.0,3060545.0,1230402.0,18674970.0,2944161.0,120985.0,0.0,271901.0,67995376.0,0.0,0.0,1508841.0,0.0,2581625.0,0.0,82093.0,0.0,14920058.0,1872293.0,1109277.0,891884.0,35466650.0,383364886.0,2562196.0,0.0,0.0,1034597.0,0.0,398302.0,1427680.0,2515049.0,1306388.0,1417205.0,0.0,3096140.0,0.0,3985182.0,1185587.0,2188410.0,1629639.0,1136370.0,490108.0
2017-01-01,0.0,0.0,6405681.0,736124.0,16678501.0,10898978.0,0.0,5023519.0,558587.0,0.0,6591237.0,3807980.0,0.0,14584082.0,2401026.0,1146834.0,2177514.0,7286673.0,131484367.0,110238.0,0.0,722585.0,29613712.0,5808170.0,103659980.0,0.0,5097011.0,3812698.0,0.0,531959.0,447580.0,4870954.0,0.0,717051.0,0.0,498451.0,2075725.0,3027725.0,0.0,3897362.0,3338351.0,2413176.0,1564107.0,987771.0,387749089.0,0.0,0.0,3616594.0,10190993.0,1587095.0,25803745.0,2276535.0,2423567.0,3263709.0,771645.0,0.0,1304081.0,11597674.0,1654248.0,3648103.0,23769224.0,330979.0,2857239.0,0.0,590579701.0,1265491.0,19002189.0,0.0,40433191.0,0.0,0.0,472252.0,3439405.0,1440259.0,2554630.0,0.0,18843897.0,5194199.0,673616.0,5373324.0,1149976.0,0.0,72546398.0,761987.0,0.0,366266.0,3512454.0,4013621.0,9302011.0,0.0,173336.0,1185540.0,3078950.0,98283625.0,4565884.0,36631314.0,83787.0,450574.0,0.0,2817089.0,15386210.0,339806.0,928515.0,0.0,810154.0,13248600.0,164197.0,422381.0,0.0,2841632.0,10708816.0,1561587.0,0.0,1008408.0,1936563.0,1464373.0,261335.0,2246735.0,4918686.0,103090.0,0.0,0.0,4573339.0,0.0,208822.0,1780659.0,601324.0,0.0,9797579.0,9466254.0,0.0,0.0,0.0,333194.0,0.0,10752672.0,441726.0,0.0,1281386.0,4507793.0,2588977.0,840585.0,0.0,3541009.0,2284771.0,2303438.0,18469543.0,245853.0,0.0,420683.0,0.0,89446862.0,894981.0,709570.0,0.0,9064009.0,4214597.0,5976534.0,4039813.0,510313.0,532285.0,477597.0,12703422.0,0.0,0.0,89842.0,1177424.0,0.0,2280042.0,2880394.0,705967.0,16176910.0,3301942.0,1342039.0,815487.0,0.0,2838121.0,474306.0,1025797.0,4583247.0,1572696.0,811552.0,1339772.0,0.0,5105124.0,2412006.0,10229558.0,3029687.0,0.0,70058190.0,3318704.0,0.0,351319.0,429212.0,952337.0,212034.0,4389079.0,0.0,2394418.0,2544065.0,0.0,1590126.0,0.0,427399.0,0.0,0.0,61406192.0,501923412.0,12867850.0,3630387.0,2336408.0,0.0,13108095.0,0.0,0.0,619753.0,0.0,1194996.0,6879523.0,862468.0,132514739.0,0.0,36467454.0,95357479.0,844353.0,1900890.0,930898.0,2786185.0,290042.0,0.0,416487.0,660150.0,2031521.0,0.0,838886.0,1433005.0,0.0,0.0,0.0,1130075.0,470958.0,10312317.0,2708272.0,7941200.0,22780073.0,0.0,24953002.0,4226615064.0,124503.0,0.0,0.0,133832.0,972332.0,427438.0,0.0,3128576.0,4649960.0,3706575.0,26861844.0,981108.0,202254.0,3631996.0,762738.0,2599799.0,3681385.0,549812.0,0.0,1573439.0,2801858.0,344513.0,1509088.0,341885913.0,72504136.0,65012066.0,571516.0,0.0,0.0,1612893.0,454421.0,0.0,2698679.0,111435647.0,0.0,242633.0,1277922.0,1058529.0,16456929.0,877227.0,1211699.0,8852187.0,0.0,0.0,741242.0,7987976.0,8314781.0,20182863.0,2164933.0,1886159.0,15340973.0,1671728.0,1118401.0,25114310.0,546697.0,3654916.0,353244.0,45078919.0,271678.0,37947805.0,99067646.0,5723880.0,444808408.0,38032917.0,24676733.0,2181190.0,2576852.0,6344354.0,2793303.0,5083160.0,989686.0,714184.0,3247581.0,4276703.0,3904627.0,2468481.0,4478034.0,223859330.0,1278399.0,0.0,34846.0,2530592.0,0.0,880280.0,894836.0,1645289.0,0.0,135802.0,10920193.0,0.0,1657022.0,0.0,11400913.0,1308865.0,0.0,0.0,1902370.0,0.0,41537252.0,6820719.0,4813067.0,166626.0,10560033.0,3430595.0,26244156.0,277108.0,0.0,272115.0,0.0,2833310.0,1263887.0,17199459.0,2903370.0,141173.0,0.0,270156.0,65958510.0,0.0,0.0,1374058.0,0.0,2408414.0,0.0,84734.0,0.0,14372051.0,1789916.0,1177990.0,858324.0,34129266.0,377094627.0,2317360.0,0.0,0.0,1006590.0,0.0,383303.0,1336731.0,2298142.0,1273334.0,1404163.0,0.0,2512624.0,0.0,3555426.0,1174920.0,2232046.0,1564710.0,1022426.0,496589.0
2018-01-01,0.0,0.0,6365983.0,755704.0,15696339.0,10742239.0,0.0,4783248.0,556601.0,0.0,6460372.0,3766413.0,0.0,14759183.0,2203927.0,1159526.0,2087138.0,7311036.0,124562869.0,118612.0,0.0,688686.0,29689086.0,6388980.0,98292963.0,0.0,5073059.0,3962488.0,0.0,530151.0,435853.0,4805835.0,0.0,757665.0,0.0,492433.0,2034080.0,3399056.0,0.0,4366208.0,3141183.0,2428726.0,1541376.0,924265.0,377843361.0,0.0,0.0,3828754.0,9929868.0,1589283.0,23843663.0,2537797.0,2451284.0,3288589.0,1036406.0,0.0,1368184.0,11790194.0,1662220.0,3137479.0,23904540.0,323771.0,2680147.0,0.0,575381540.0,1167182.0,18233370.0,0.0,35966138.0,0.0,0.0,466823.0,3346182.0,1234481.0,2708398.0,0.0,19344950.0,5230369.0,666866.0,5366985.0,589749.0,0.0,70721956.0,700451.0,0.0,254916.0,3430774.0,3827710.0,9353406.0,0.0,153581.0,1154205.0,2949404.0,104890736.0,4504372.0,36680503.0,0.0,418752.0,0.0,2794941.0,15302554.0,330689.0,964748.0,0.0,806272.0,12560347.0,187156.0,443193.0,0.0,2705800.0,10821052.0,1475509.0,0.0,945170.0,2024012.0,1450985.0,247155.0,2559832.0,4827552.0,106873.0,0.0,0.0,4624501.0,0.0,217011.0,1767061.0,595322.0,0.0,10411765.0,9383617.0,0.0,0.0,0.0,316552.0,0.0,10502595.0,441186.0,0.0,1310472.0,4221446.0,2044157.0,819444.0,0.0,4085990.0,2208170.0,2131079.0,18350554.0,240036.0,0.0,433692.0,0.0,90319661.0,919980.0,726832.0,0.0,9294302.0,4138771.0,5622067.0,4223437.0,516728.0,550944.0,465447.0,11891179.0,0.0,0.0,166858.0,1179680.0,0.0,2198078.0,2815329.0,689055.0,15617587.0,3120955.0,1407765.0,652990.0,0.0,2898970.0,473074.0,980865.0,4740475.0,1532820.0,557279.0,1257262.0,0.0,5137658.0,2406999.0,10623228.0,2682943.0,520.0,66205830.0,2936420.0,0.0,362977.0,456913.0,1023964.0,222399.0,4409259.0,0.0,2483370.0,2351440.0,0.0,1533185.0,0.0,406939.0,0.0,0.0,61035771.0,486332821.0,12341459.0,3749454.0,2174453.0,0.0,13385628.0,0.0,0.0,709226.0,0.0,1223997.0,6580071.0,941911.0,125521437.0,0.0,32412626.0,94139977.0,824503.0,1862148.0,930492.0,2473500.0,288229.0,0.0,428249.0,619871.0,1585701.0,0.0,907487.0,1391256.0,0.0,0.0,0.0,1070490.0,464801.0,10517834.0,2737724.0,7931535.0,21689190.0,0.0,25238122.0,4170187306.0,124899.0,0.0,0.0,138169.0,954133.0,317166.0,0.0,2979928.0,4475180.0,3516078.0,25892120.0,942704.0,172233.0,3656820.0,734834.0,2542752.0,3623600.0,70119.0,0.0,1519740.0,2838105.0,347663.0,1533055.0,335180818.0,72127628.0,66174361.0,543909.0,0.0,0.0,1610792.0,780268.0,0.0,3582460.0,110654001.0,0.0,234723.0,1432003.0,1045015.0,16711783.0,864290.0,1160864.0,9189511.0,0.0,0.0,675851.0,7888675.0,8518622.0,19931993.0,1948961.0,2056278.0,14864684.0,1688353.0,1090576.0,23620549.0,592612.0,3362728.0,324629.0,44176331.0,284284.0,38994486.0,97629459.0,5717819.0,444477978.0,37087276.0,25955434.0,2082625.0,2856704.0,6378979.0,2731789.0,5100662.0,937652.0,701525.0,3554449.0,4050729.0,3991617.0,2439529.0,4477016.0,226709331.0,1233113.0,0.0,40582.0,2588618.0,0.0,887164.0,873536.0,1598631.0,0.0,137267.0,10702358.0,0.0,1609606.0,0.0,10867785.0,1302162.0,0.0,0.0,1797965.0,0.0,39207685.0,6704662.0,5147474.0,154394.0,10352806.0,3392964.0,25894362.0,259078.0,0.0,165507.0,0.0,2550558.0,1280089.0,16285329.0,2822641.0,175751.0,0.0,252077.0,64850071.0,0.0,0.0,1436790.0,0.0,2259566.0,0.0,77972.0,0.0,13515447.0,1709928.0,1320618.0,797270.0,33692563.0,373088899.0,2187738.0,0.0,0.0,1001983.0,0.0,369590.0,1262839.0,2125856.0,1314777.0,1262512.0,0.0,2621622.0,0.0,3258376.0,1103595.0,2279125.0,1513939.0,972656.0,527878.0
2019-01-01,0.0,0.0,6574247.0,770160.0,15555220.0,10141517.0,0.0,4723610.0,561356.0,0.0,5947972.0,3953771.0,0.0,14276493.0,1862486.0,1112264.0,1952108.0,7077325.0,121467905.0,113081.0,0.0,668888.0,31542602.0,6321939.0,96662157.0,0.0,5914194.0,3803859.0,0.0,493221.0,406984.0,4703865.0,0.0,754470.0,0.0,467299.0,1866060.0,3141337.0,0.0,4692326.0,3197637.0,2513951.0,1537820.0,916256.0,373619884.0,0.0,0.0,3850213.0,9890235.0,1554319.0,24585856.0,2820868.0,2330539.0,3156405.0,1099270.0,0.0,1363829.0,11379024.0,1614185.0,3231652.0,24998005.0,332543.0,2673366.0,0.0,554219960.0,1083564.0,17614248.0,0.0,32957525.0,0.0,0.0,417574.0,3411436.0,990722.0,2746601.0,0.0,19572009.0,5421116.0,691409.0,5249776.0,0.0,0.0,76670186.0,676820.0,0.0,103949.0,3415320.0,3995713.0,9586879.0,1050516.0,116845.0,1076599.0,2853735.0,105375108.0,4386721.0,36101653.0,0.0,425465.0,0.0,2683183.0,15091535.0,339810.0,913567.0,0.0,769107.0,10473050.0,198877.0,481384.0,0.0,2595828.0,10571716.0,1273611.0,0.0,906018.0,1889723.0,1781784.0,0.0,2537726.0,4601985.0,111406.0,0.0,0.0,4685846.0,0.0,165700.0,1676800.0,594565.0,0.0,10868022.0,9214380.0,0.0,0.0,0.0,290323.0,0.0,10366563.0,454762.0,0.0,1324579.0,4110551.0,1624542.0,818585.0,0.0,4291415.0,2263919.0,2259250.0,18237919.0,252735.0,0.0,408804.0,0.0,90600933.0,975703.0,792473.0,0.0,9701062.0,4222894.0,5525531.0,4291946.0,516409.0,575704.0,449857.0,11458624.0,0.0,0.0,156795.0,1243685.0,0.0,2057471.0,2792286.0,680334.0,15203926.0,3126689.0,1404305.0,502048.0,0.0,2938138.0,461187.0,923030.0,5099775.0,1345641.0,301680.0,1281215.0,0.0,5019624.0,2427718.0,11168681.0,2514445.0,88595.0,66921123.0,2878361.0,0.0,357970.0,470602.0,1120086.0,222938.0,4655087.0,0.0,2454551.0,2564760.0,0.0,1452867.0,0.0,390598.0,0.0,0.0,58726905.0,469285746.0,10956607.0,3488450.0,1376158.0,0.0,12969815.0,0.0,0.0,819209.0,0.0,1270612.0,6252830.0,869294.0,122183930.0,0.0,31447067.0,91522086.0,197228.0,1806996.0,952866.0,2394947.0,276704.0,0.0,425685.0,608884.0,1744629.0,0.0,896118.0,1408230.0,0.0,0.0,0.0,1060138.0,452441.0,10189012.0,2782916.0,7698581.0,18989830.0,0.0,23290742.0,4271065486.0,113893.0,0.0,0.0,127005.0,992410.0,0.0,0.0,3466668.0,4736809.0,3368959.0,26224158.0,818919.0,148763.0,3613749.0,724815.0,2313087.0,3561548.0,493524.0,0.0,1508595.0,2686860.0,346634.0,1188276.0,329747182.0,69235122.0,65950288.0,538268.0,0.0,0.0,1492292.0,917457.0,0.0,3791006.0,110296753.0,0.0,217997.0,872761.0,992806.0,16465717.0,831954.0,1041115.0,9732381.0,0.0,0.0,626389.0,8365362.0,9766993.0,19902014.0,1973684.0,2155230.0,14653078.0,1623648.0,1113342.0,24277771.0,601964.0,3488485.0,312992.0,44578161.0,300077.0,44039267.0,98625248.0,5563190.0,439339007.0,36254030.0,24727501.0,2052731.0,2919539.0,6503350.0,2617717.0,5155191.0,428124.0,692395.0,3522479.0,4245560.0,3935591.0,2441879.0,4349795.0,224989946.0,1269823.0,0.0,44575.0,2618604.0,0.0,871962.0,853523.0,1596172.0,0.0,125786.0,10568157.0,0.0,1583199.0,0.0,10199881.0,1299541.0,0.0,0.0,1632533.0,0.0,38228049.0,6635254.0,5434386.0,163273.0,9972576.0,3624805.0,28029587.0,237867.0,0.0,0.0,0.0,2007259.0,1314181.0,15262673.0,2566119.0,218373.0,0.0,247260.0,62444501.0,0.0,0.0,1387548.0,107199.0,2312711.0,0.0,83501.0,0.0,12802128.0,1563739.0,1281546.0,823993.0,34796924.0,386174752.0,2211730.0,0.0,0.0,1036007.0,0.0,376746.0,1366960.0,1422478.0,1253493.0,1385189.0,0.0,2745195.0,0.0,3105976.0,1056918.0,2214255.0,1509845.0,897636.0,540953.0
2020-01-01,0.0,0.0,3702550.0,507620.0,11058241.0,5385889.0,0.0,3059696.0,354425.0,0.0,2620359.0,1966321.0,0.0,5056514.0,1072973.0,640194.0,1432820.0,2716199.0,60559648.0,45533.0,0.0,652735.0,18542014.0,3481615.0,53672802.0,0.0,3719290.0,1897456.0,0.0,155750.0,322552.0,2049632.0,0.0,369431.0,0.0,320197.0,1044861.0,1977697.0,0.0,1465877.0,1383895.0,1687671.0,1241016.0,642827.0,152469082.0,62915.0,0.0,1949878.0,6119642.0,729522.0,13972884.0,1670263.0,1334801.0,2044745.0,503390.0,0.0,639068.0,4983271.0,1079483.0,1870133.0,12380797.0,173075.0,1484511.0,0.0,232463055.0,467664.0,9500021.0,0.0,17347511.0,0.0,0.0,227425.0,2063408.0,378160.0,2196373.0,0.0,10569794.0,2304429.0,220454.0,2984594.0,0.0,0.0,45523499.0,421721.0,0.0,53045.0,1935369.0,1302047.0,6179234.0,465811.0,69285.0,840900.0,1113310.0,52425329.0,2284885.0,15644213.0,0.0,224917.0,0.0,1814742.0,7779332.0,187414.0,458780.0,0.0,332052.0,4385938.0,90284.0,416639.0,0.0,1148022.0,5491100.0,740693.0,0.0,366262.0,844946.0,1774889.0,0.0,1370994.0,2240088.0,51129.0,0.0,0.0,1889222.0,0.0,98461.0,1104835.0,384005.0,0.0,6408061.0,3748277.0,0.0,0.0,0.0,179456.0,0.0,4854629.0,238002.0,0.0,542963.0,2505396.0,880659.0,448461.0,0.0,3840964.0,1275622.0,853592.0,11795358.0,144360.0,0.0,132864.0,0.0,53972756.0,679171.0,565367.0,0.0,6008985.0,2510875.0,2561791.0,1490393.0,308657.0,487233.0,354145.0,6731846.0,0.0,0.0,101463.0,860642.0,0.0,1043199.0,1539146.0,523995.0,10793259.0,1613413.0,801277.0,310761.0,0.0,2402785.0,268362.0,562145.0,2324834.0,837778.0,224333.0,685687.0,0.0,3156092.0,1186626.0,4700087.0,1255735.0,93430.0,38649113.0,1093141.0,0.0,213224.0,300520.0,626775.0,129874.0,2893780.0,0.0,1606022.0,1565366.0,0.0,746336.0,0.0,230325.0,0.0,0.0,32933630.0,261200507.0,5719994.0,1377254.0,527738.0,0.0,4755375.0,0.0,0.0,303110.0,0.0,738964.0,3426069.0,484633.0,72909358.0,0.0,19188110.0,40833057.0,0.0,955248.0,605743.0,1434940.0,173930.0,0.0,179511.0,395873.0,405835.0,0.0,398923.0,810108.0,0.0,0.0,0.0,446602.0,214869.0,5395692.0,1713484.0,5870893.0,9253565.0,0.0,8629298.0,1889821374.0,58559.0,0.0,0.0,62460.0,691817.0,0.0,0.0,2303129.0,2333776.0,2241580.0,15860244.0,466841.0,87742.0,2164132.0,330331.0,1592782.0,2480513.0,343566.0,0.0,843121.0,1993646.0,168865.0,228919.0,145994948.0,48803666.0,31098319.0,345446.0,0.0,0.0,662949.0,549098.0,0.0,1792047.0,56571358.0,0.0,120492.0,657130.0,509561.0,9099342.0,496659.0,681778.0,5319245.0,0.0,0.0,413128.0,6011775.0,7934108.0,9991059.0,1271353.0,897478.0,9029070.0,962709.0,94016.0,12113839.0,248147.0,1903288.0,164204.0,23559294.0,232891.0,27765398.0,52381276.0,1538877.0,165962436.0,15942485.0,8161889.0,929016.0,1038226.0,3081042.0,1556110.0,1675720.0,155422.0,307673.0,1673352.0,3204740.0,1960619.0,1469535.0,1647605.0,102571966.0,1098732.0,0.0,39746.0,1306270.0,0.0,548161.0,484335.0,938181.0,0.0,81922.0,6114361.0,0.0,1105240.0,0.0,5132400.0,784252.0,0.0,0.0,857032.0,0.0,22199943.0,2057256.0,2556780.0,105866.0,4582928.0,1450971.0,18958573.0,144126.0,0.0,0.0,0.0,1166747.0,927666.0,11391687.0,1606525.0,134794.0,0.0,153537.0,31999120.0,0.0,0.0,629451.0,269979.0,1323715.0,0.0,0.0,0.0,7294068.0,929637.0,596823.0,494504.0,14496903.0,139414582.0,1616781.0,0.0,0.0,745336.0,0.0,291797.0,830293.0,633991.0,704598.0,746089.0,0.0,2082643.0,0.0,2086869.0,591791.0,1343116.0,922279.0,458014.0,318884.0
2021-01-01,0.0,0.0,3430256.0,339551.0,11037981.0,4764283.0,0.0,2770995.0,376281.0,0.0,2858159.0,2360169.0,0.0,5153001.0,931085.0,658366.0,1602061.0,2668770.0,51405528.0,48776.0,0.0,530209.0,17844778.0,3070164.0,46839181.0,0.0,4983524.0,1162064.0,0.0,128048.0,290145.0,1864402.0,0.0,405325.0,0.0,327478.0,994060.0,1556753.0,0.0,2163495.0,1330487.0,1679267.0,1029174.0,672749.0,167962687.0,109412.0,0.0,1725333.0,6159661.0,724715.0,12484303.0,1753050.0,1183592.0,1951190.0,597463.0,0.0,654758.0,5526891.0,992151.0,2039943.0,10859269.0,167214.0,1671380.0,0.0,227095964.0,462532.0,12070735.0,0.0,16373033.0,0.0,0.0,284973.0,1930060.0,728689.0,1823035.0,0.0,9239626.0,2149119.0,251570.0,2382393.0,0.0,0.0,42417629.0,420510.0,0.0,78374.0,1839405.0,1066115.0,5438661.0,496130.0,105638.0,832163.0,1423912.0,48850885.0,2365584.0,13153519.0,0.0,253662.0,0.0,1484409.0,8919749.0,238848.0,458980.0,0.0,378332.0,4240040.0,89715.0,360315.0,0.0,994587.0,4574338.0,722004.0,0.0,350282.0,1209563.0,1679609.0,0.0,1104623.0,2157088.0,56889.0,0.0,0.0,1557207.0,0.0,93417.0,1286707.0,463160.0,0.0,6549335.0,3519564.0,0.0,48715.0,0.0,226055.0,0.0,4577557.0,300636.0,0.0,523900.0,2236621.0,1064796.0,551305.0,0.0,3933595.0,1125916.0,1019148.0,10898382.0,131174.0,0.0,169505.0,0.0,47345733.0,653848.0,560896.0,0.0,5318362.0,2114361.0,2932587.0,2111241.0,294565.0,490052.0,311587.0,5895748.0,0.0,0.0,118558.0,684595.0,0.0,1189533.0,1443144.0,470562.0,10762004.0,1797039.0,1122404.0,279964.0,0.0,2089618.0,228484.0,524717.0,2499501.0,753622.0,257812.0,650351.0,0.0,3162431.0,1047036.0,3994087.0,1167994.0,97060.0,38806280.0,1349981.0,0.0,213551.0,241835.0,635591.0,108402.0,2717337.0,0.0,1943315.0,1368839.0,0.0,735393.0,0.0,195391.0,0.0,0.0,34764420.0,275988944.0,5010770.0,1278836.0,469346.0,0.0,5458011.0,0.0,0.0,220644.0,0.0,632561.0,2851521.0,396081.0,79715221.0,0.0,16894602.0,38074655.0,0.0,888826.0,465073.0,1480649.0,173111.0,0.0,188682.0,330274.0,840983.0,0.0,384250.0,747389.0,0.0,0.0,0.0,373574.0,273326.0,5411318.0,1940386.0,4994918.0,9206099.0,0.0,10031816.0,2112976525.0,60812.0,0.0,0.0,71557.0,686019.0,0.0,0.0,2269492.0,2615225.0,2241762.0,15526649.0,520691.0,100545.0,2118338.0,299215.0,1638380.0,2344159.0,373635.0,0.0,785740.0,1703732.0,166706.0,265787.0,150295723.0,43192543.0,28195291.0,373984.0,0.0,0.0,665089.0,563947.0,0.0,2233075.0,49939021.0,0.0,134549.0,776081.0,517129.0,8812611.0,469908.0,518515.0,5806658.0,0.0,0.0,343432.0,4810477.0,8252510.0,7961647.0,1101843.0,767140.0,7389190.0,847470.0,98913.0,10425685.0,317576.0,2034503.0,170647.0,23972294.0,209857.0,24358513.0,53055512.0,1139963.0,146957689.0,14343601.0,9131413.0,903323.0,1524035.0,3183095.0,1730307.0,1764745.0,329636.0,326185.0,1566819.0,3262072.0,2077903.0,1365266.0,1690360.0,99402219.0,1174441.0,0.0,34744.0,1268493.0,0.0,591271.0,440542.0,989152.0,0.0,84467.0,5560634.0,0.0,1008012.0,0.0,5200364.0,825326.0,0.0,0.0,762621.0,0.0,19022752.0,2226266.0,2434308.0,93667.0,4418223.0,1510199.0,20422020.0,129031.0,0.0,0.0,0.0,1577865.0,727120.0,13566538.0,1340945.0,130084.0,0.0,148510.0,33293633.0,0.0,0.0,477782.0,278479.0,1091100.0,0.0,0.0,0.0,6428409.0,755701.0,640419.0,449813.0,13723646.0,136120405.0,1408723.0,0.0,0.0,823874.0,0.0,267986.0,842542.0,646121.0,660855.0,641622.0,0.0,1620529.0,0.0,2742788.0,520862.0,1327968.0,942791.0,394838.0,318479.0
2022-01-01,0.0,0.0,4292745.0,273011.0,13135063.0,6659620.0,0.0,3405199.0,444164.0,0.0,4008177.0,2951428.0,0.0,8730436.0,1071483.0,737910.0,1400288.0,3767293.0,59754902.0,74753.0,0.0,425251.0,21134650.0,3159114.0,55972691.0,0.0,5391175.0,1349841.0,0.0,241880.0,253796.0,3101980.0,0.0,464272.0,0.0,351748.0,1229741.0,1900463.0,0.0,3349121.0,1955258.0,1967238.0,1178558.0,777233.0,219009223.0,107745.0,0.0,2201451.0,9386744.0,1027487.0,14046114.0,2152822.0,1223686.0,2050888.0,706485.0,0.0,887559.0,7793641.0,1053818.0,2191009.0,13584098.0,210739.0,1668142.0,0.0,286343525.0,595766.0,12877949.0,0.0,19673655.0,0.0,0.0,294630.0,2315479.0,1097655.0,1749924.0,0.0,10412989.0,3221566.0,381531.0,2814240.0,0.0,0.0,48362188.0,533050.0,0.0,101007.0,1921976.0,2236409.0,5778547.0,649029.0,91256.0,872400.0,2409475.0,61376677.0,2920721.0,15504222.0,0.0,260573.0,0.0,1899317.0,10419133.0,266947.0,586437.0,0.0,596174.0,5483598.0,104152.0,367217.0,0.0,1254312.0,5830534.0,823586.0,0.0,326955.0,1241558.0,1970640.0,0.0,1419450.0,2637696.0,72583.0,0.0,0.0,1887284.0,0.0,106103.0,1328482.0,571597.0,0.0,7707619.0,4535869.0,0.0,201605.0,0.0,288487.0,0.0,5683791.0,342189.0,0.0,728361.0,2592904.0,1455034.0,668410.0,0.0,4194749.0,1196416.0,1324408.0,14133058.0,123829.0,0.0,223601.0,0.0,60594228.0,712881.0,640450.0,0.0,5911061.0,2512329.0,3856605.0,2531448.0,315434.0,393657.0,280286.0,6344819.0,0.0,0.0,136618.0,761727.0,0.0,1458951.0,1600926.0,495536.0,12431453.0,2381633.0,1210177.0,343187.0,0.0,2335705.0,259356.0,606371.0,3620148.0,737203.0,313426.0,714876.0,0.0,3356804.0,1237298.0,5874228.0,1654935.0,118780.0,46292602.0,1937778.0,0.0,234919.0,270348.0,833621.0,132063.0,3304395.0,0.0,2277081.0,1750545.0,0.0,967171.0,0.0,236475.0,0.0,0.0,45664589.0,316955692.0,5804834.0,2007167.0,467913.0,0.0,8379362.0,0.0,0.0,267048.0,17750.0,776146.0,3432338.0,533029.0,93772530.0,0.0,19868351.0,45862532.0,0.0,1055919.0,510771.0,2173675.0,200947.0,0.0,205337.0,352038.0,1509923.0,0.0,483277.0,838726.0,0.0,0.0,0.0,485449.0,318062.0,7585850.0,2192400.0,7292498.0,13844363.0,0.0,13617643.0,2808822158.0,62845.0,0.0,0.0,60027.0,1085494.0,0.0,0.0,2732986.0,3311656.0,2812214.0,18161481.0,0.0,121457.0,2664248.0,408071.0,1754042.0,2285410.0,346519.0,0.0,860990.0,1751926.0,211618.0,450797.0,188280279.0,36864201.0,35982054.0,462963.0,0.0,0.0,865477.0,677907.0,0.0,2734007.0,61075883.0,0.0,144314.0,997602.0,654888.0,10431304.0,543077.0,618997.0,7484652.0,0.0,0.0,183664.0,5375198.0,8961979.0,10704168.0,1172164.0,936147.0,8839904.0,939009.0,165010.0,14167619.0,539039.0,2600997.0,200324.0,31457920.0,243110.0,25783923.0,72488769.0,2243343.0,214367421.0,21380954.0,9772395.0,1170455.0,2348417.0,4357525.0,2357189.0,3098565.0,367058.0,414033.0,2280575.0,3431178.0,2314972.0,1535148.0,2003975.0,130308986.0,1246924.0,0.0,33662.0,2521237.0,0.0,657096.0,441148.0,1157406.0,0.0,77270.0,6996211.0,0.0,1144440.0,0.0,6589422.0,954940.0,0.0,0.0,738250.0,0.0,20403973.0,4000529.0,3277370.0,92253.0,6403510.0,2422322.0,21416174.0,131633.0,0.0,0.0,0.0,1971693.0,787743.0,15747498.0,1874583.0,216588.0,0.0,177933.0,38313874.0,0.0,0.0,801963.0,370116.0,1201085.0,0.0,0.0,0.0,6754987.0,903884.0,773084.0,473633.0,19715727.0,197199707.0,1879464.0,0.0,0.0,950093.0,0.0,283726.0,1076276.0,731054.0,754434.0,720475.0,0.0,1636718.0,0.0,3752543.0,513484.0,1594678.0,1330784.0,481388.0,392797.0
